Make,Model,Engine HP,highway MPG,MSRP,log_MSRP,Engine HP_scaled,highway MPG_scaled,log_MSRP_scaled,value_gap,Cluster,Segmen,Cluster_A,harga_per_hp,Baseline
Acura,ILX,201.0,35.0,29945.0,10.307151038697665,-0.7200104836632404,1.2489569865975343,-0.5995462479788233,-0.0692608863079549,1,Standard Value,2,148.98009950248758,Mid
Acura,ILX Hybrid,111.0,38.0,31750.0,10.36567949988784,-1.4042708737485001,1.7299453589522245,-0.510846496130223,0.8198598554754426,1,Standard Value,2,286.036036036036,High
Acura,MDX,290.0,27.0,50360.0,10.826972344990523,-0.04335298680115019,-0.033678673014973105,0.18824177747385773,0.01526865651598186,0,High Value,1,173.6551724137931,High
Acura,NSX,573.0,22.0,156000.0,11.957617696467539,2.1082657953558335,-0.8353259602727902,1.9017322753518369,0.21295420161740353,2,Overpriced / Low Value,0,272.25130890052355,High
Acura,RDX,279.0,28.0,39170.0,10.575691956076149,-0.12698481225601527,0.1266507844365903,-0.1925730891378462,-0.192061420974186,0,High Value,1,140.3942652329749,Mid
Acura,RL,300.0,24.0,51350.0,10.846439689363773,0.03267594543054534,-0.5146670453696633,0.21774449427086845,0.022966054605205954,0,High Value,1,171.16666666666666,Mid
Acura,RLX,310.0,31.0,55700.0,10.92775337907558,0.10870487766224086,0.6076391567912806,0.3409752089123488,-0.03190277652475615,1,Standard Value,1,179.67741935483872,High
Acura,TL,305.0,26.0,41635.0,10.63672045663536,0.0706904115463931,-0.19400813046653653,-0.10008453322476447,-0.23613521255415115,0,High Value,1,136.50819672131146,Low
Acura,TLX,290.0,34.0,39375.0,10.580911772630838,-0.04335298680115019,1.0886275291459708,-0.18466246883994133,-0.3190188613514522,1,Standard Value,2,135.77586206896552,Low
Acura,TSX,201.0,31.0,31635.0,10.362050991639308,-0.7200104836632404,0.6076391567912806,-0.5163454922541708,0.036054464066685554,1,Standard Value,2,157.38805970149255,Mid
Acura,TSX Sport Wagon,201.0,30.0,33497.5,10.419255940691274,-0.7200104836632404,0.44730969933971715,-0.4296515200867799,0.10586326247690181,1,Standard Value,2,166.65422885572139,Mid
Acura,ZDX,300.0,23.0,50620.0,10.832121788941521,0.03267594543054534,-0.6749965028212268,0.1960457482484811,0.02125200354120338,0,High Value,1,168.73333333333332,Mid
Alfa Romeo,4C,237.0,34.0,63900.0,11.065090289695444,-0.44630632762913647,1.0886275291459708,0.5491089893658185,0.4603253771019098,1,Standard Value,2,269.62025316455697,High
Aston Martin,DB9,510.0,19.0,198497.5,12.198536822405767,1.6292835222961515,-1.3163143326274804,2.266844671129121,0.6620311820257729,2,Overpriced / Low Value,0,389.21078431372547,High
Aston Martin,DB9 GT,540.0,19.0,213250.0,12.270225154674701,1.857370318991238,-1.3163143326274804,2.375488178123662,0.6501245331424172,2,Overpriced / Low Value,0,394.9074074074074,High
Aston Martin,DBS,510.0,17.5,283097.5,12.553550172604853,1.6292835222961515,-1.5568085188048255,2.8048666082390143,1.0359503062622313,2,Overpriced / Low Value,0,555.093137254902,High
Aston Martin,Rapide,470.0,19.0,207895.0,12.244793233641772,1.3251677933693693,-1.3163143326274804,2.3369461587576597,0.8277428581036723,2,Overpriced / Low Value,0,442.32978723404256,High
Aston Martin,Rapide S,552.0,22.0,203995.0,12.22585566479098,1.9486050376692727,-0.8353259602727902,2.308246315578407,0.535799036136348,2,Overpriced / Low Value,0,369.5561594202899,High
Aston Martin,V12 Vantage,510.0,17.0,186265.0,12.134931038592361,1.6292835222961515,-1.6369732475306074,2.1704502482165995,0.6236330969288648,2,Overpriced / Low Value,0,365.22549019607845,High
Aston Martin,V12 Vantage S,565.0,18.0,183695.0,12.121037496333592,2.0474426495704767,-1.476643790079044,2.149394616040544,0.44735232482049625,2,Overpriced / Low Value,0,325.12389380530976,High
Aston Martin,V8 Vantage,430.0,20.0,131847.5,11.789408815152441,1.0210520644425871,-1.155984875175917,1.6468120924531209,0.4898415348993268,2,Overpriced / Low Value,0,306.6220930232558,High
Aston Martin,Vanquish,568.0,21.0,298995.0,12.608185474356917,2.0702513292399853,-0.9956554177243536,2.8876662856785953,0.8889437374871729,2,Overpriced / Low Value,0,526.3996478873239,High
Aston Martin,Virage,490.0,18.0,215795.0,12.282088795953197,1.4772256578327603,-1.476643790079044,2.3934674999104435,0.8166953673641029,2,Overpriced / Low Value,0,440.3979591836735,High
Audi,A3,186.0,34.0,38350.0,10.554535882074735,-0.8340538820107837,1.0886275291459708,-0.2246350719041227,0.3041578109145906,1,Standard Value,2,206.18279569892474,High
Audi,A4,220.0,32.0,38700.0,10.563620718477313,-0.575555512423019,0.767968614242844,-0.2108670226831542,0.0929222174295834,1,Standard Value,2,175.9090909090909,High
Audi,A4 allroad,252.0,28.0,47000.0,10.757924157061597,-0.3322629292815932,0.1266507844365903,0.08359940331351685,0.1390293966323224,1,Standard Value,1,186.5079365079365,High
Audi,A5,220.0,31.0,42800.0,10.664316745782925,-0.575555512423019,0.6076391567912806,-0.058262418828526445,0.2062220940934445,1,Standard Value,2,194.54545454545453,High
Audi,A6,252.0,32.0,55050.0,10.916015307290108,-0.3322629292815932,0.767968614242844,0.3231861874110064,0.24670514942783583,1,Standard Value,1,218.45238095238096,High
Audi,A7,310.0,30.0,70075.0,11.157335646355712,0.10870487766224086,0.44730969933971715,0.6889066207842385,0.21028334011362482,1,Standard Value,1,226.0483870967742,High
Audi,A8,391.5,29.0,87850.0,11.383397476589728,0.7283406753505595,0.28698024188815374,1.0315028181973989,0.10757891783425144,0,High Value,1,224.3933588761175,High
Audi,Q3,200.0,28.0,36100.0,10.494075844768336,-0.7276133768864099,0.1266507844365903,-0.31626212303074513,0.213185214616459,1,Standard Value,1,180.5,High
Audi,Q5,240.0,28.0,47800.0,10.774801838762809,-0.42349764795962785,0.1266507844365903,0.10917749213107267,0.2272633770856558,1,Standard Value,1,199.16666666666666,High
Audi,Q7,280.0,25.0,58800.0,10.981914140544825,-0.11938191903284572,-0.35433758791809994,0.42305572161613525,0.24673969771504645,1,Standard Value,1,210.0,High
Audi,R8,525.0,22.0,162900.0,12.000897933306716,1.7433269206436948,-0.8353259602727902,1.9673233773476653,0.384186065997584,2,Overpriced / Low Value,0,310.2857142857143,High
Audi,RS 5,450.0,23.0,74400.0,11.217224661591072,1.1731099289059783,-0.6749965028212268,0.7796682892411088,-0.18664352584893606,0,High Value,0,165.33333333333334,Mid
Audi,RS 7,560.0,25.0,108900.0,11.598194491615347,2.009428183454629,-0.35433758791809994,1.3570272133918306,-0.15071741525464866,0,High Value,0,194.46428571428572,High
Audi,S3,292.0,31.0,44950.0,10.713328286593352,-0.028147200354811084,0.6076391567912806,0.016014461499437145,-0.15884248157624725,1,Standard Value,1,153.93835616438355,Mid
Audi,S4,333.0,27.0,52100.0,10.860939421415225,0.28357142179514055,-0.033678673014973105,0.23971880572006174,-0.1529737461363343,0,High Value,1,156.45645645645646,Mid
Audi,S5,333.0,26.0,59350.0,10.99122424909553,0.28357142179514055,-0.19400813046653653,0.4371651702730518,-0.010085069097778288,0,High Value,1,178.22822822822823,High
Audi,S6,450.0,27.0,74100.0,11.21318430646977,1.1731099289059783,-0.033678673014973105,0.7735451401038854,-0.24109927840323486,0,High Value,1,164.66666666666666,Mid
Audi,S7,450.0,27.0,82700.0,11.322986972837104,1.1731099289059783,-0.033678673014973105,0.9399508350605819,-0.13129661203590182,0,High Value,0,183.77777777777777,High
Audi,S8,562.5,25.0,114900.0,11.651826167019166,2.028435416512553,-0.35433758791809994,1.4383058973484495,-0.10360028965175339,0,High Value,0,204.26666666666668,High
Audi,SQ5,354.0,24.0,56750.0,10.946428556333773,0.4432321794817012,-0.5146670453696633,0.3692773982206906,-0.11911226390876628,0,High Value,1,160.31073446327684,Mid
Audi,TT,220.0,30.0,43425.0,10.678813619053717,-0.575555512423019,0.44730969933971715,-0.0362924398550196,0.23332281672248634,1,Standard Value,1,197.38636363636363,High
Audi,TT RS,360.0,25.0,57025.0,10.951262583167178,0.4888495388207185,-0.35433758791809994,0.37660335506003634,-0.15146273247491493,0,High Value,1,158.40277777777777,Mid
Audi,TTS,278.5,29.0,51800.0,10.85516473308054,-0.13078625886760004,0.28698024188815374,0.23096727848231044,0.07743085089485113,1,Standard Value,1,185.99640933572712,High
Audi,allroad,220.0,28.0,43900.0,10.689692377847104,-0.575555512423019,0.1266507844365903,-0.019805705268595774,0.26940927423237326,1,Standard Value,1,199.54545454545453,High
BMW,1 Series,300.0,28.0,37200.0,10.524090921620362,0.03267594543054534,0.1266507844365903,-0.27077434128571143,-0.34979811057120536,0,High Value,1,124.0,Low
BMW,1 Series M,335.0,26.0,46135.0,10.739348835295248,0.2987772082414797,-0.19400813046653653,0.05544854477941897,-0.2707180780010674,0,High Value,1,137.71641791044777,Low
BMW,2 Series,248.0,33.0,40950.0,10.620131509007471,-0.3626745021742714,0.9282980716944074,-0.12522504620086983,-0.038381774794951085,1,Standard Value,2,165.1209677419355,Mid
BMW,3 Series,240.0,34.0,40875.0,10.6182983727321,-0.42349764795962785,1.0886275291459708,-0.12800316012055318,-0.004863185094549749,1,Standard Value,2,170.3125,Mid
BMW,3 Series Gran Turismo,274.0,31.5,45600.0,10.727684925086583,-0.16499927837186304,0.6878038855170623,0.03777191498163156,-0.057734296005543584,1,Standard Value,1,166.42335766423358,Mid
BMW,4 Series,248.0,32.0,50000.0,10.819798284210286,-0.3626745021742714,0.767968614242844,0.17736950442901975,0.1738888497661133,1,Standard Value,1,201.61290322580646,High
BMW,4 Series Gran Coupe,274.0,32.5,44875.0,10.711658409664855,-0.16499927837186304,0.8481333429686256,0.013483766754291566,-0.08636466078552196,1,Standard Value,1,163.77737226277372,Mid
BMW,5 Series,278.5,32.0,57625.0,10.961729133727554,-0.13078625886760004,0.767968614242844,0.39246538899254557,0.1461837034671145,1,Standard Value,1,206.91202872531417,High
BMW,5 Series Gran Turismo,300.0,26.0,63200.0,11.05407540279458,0.03267594543054534,-0.19400813046653653,0.5324159529373955,0.20539406931951198,1,Standard Value,1,210.66666666666666,High
BMW,6 Series,380.0,26.5,87950.0,11.384535120197711,0.6409074032841096,-0.11384340174075482,1.0332269145373376,0.1838299618133057,0,High Value,1,231.44736842105263,High
BMW,6 Series Gran Coupe,380.0,26.5,86200.0,11.364437057512568,0.6409074032841096,-0.11384340174075482,1.0027683455512615,0.16373189912816244,0,High Value,1,226.8421052631579,High
BMW,7 Series,445.0,25.5,88800.0,11.394153190178114,1.1350954627901304,-0.2741728591923182,1.0478030780512257,-0.024883511970971384,0,High Value,0,199.5505617977528,High
BMW,ALPINA B6 Gran Coupe,600.0,24.0,122200.0,11.713422508992204,2.313543912381411,-0.5146670453696633,1.5316550156524031,-0.12378858980658158,0,High Value,0,203.66666666666666,High
BMW,ALPINA B7,540.0,24.0,132200.0,11.792078770667635,1.857370318991238,-0.5146670453696633,1.6508584040565464,0.1089589023441011,2,Overpriced / Low Value,0,244.8148148148148,High
BMW,ActiveHybrid 5,335.0,30.0,61900.0,11.033291613631048,0.2987772082414797,0.44730969933971715,0.500918167009132,-0.02719069709826627,0,High Value,1,184.77611940298507,High
BMW,ActiveHybrid 7,350.0,30.0,84300.0,11.342149006315793,0.412820606589023,0.44730969933971715,0.968990853880685,0.21760474618035452,1,Standard Value,1,240.85714285714286,High
BMW,ActiveHybrid X6,480.0,19.0,88900.0,11.395278670032656,1.401196725601065,-1.3163143326274804,1.0495087402500676,-0.052562611460468034,0,High Value,0,185.20833333333334,High
BMW,M2,365.0,26.0,51700.0,10.853232402669228,0.5268640049365663,-0.19400813046653653,0.22803883607177083,-0.28226968922353635,0,High Value,1,141.64383561643837,Mid
BMW,M3,425.0,26.0,63500.0,11.05881093278828,0.9830375983267394,-0.19400813046653653,0.5395926380367702,-0.2992738215741877,0,High Value,1,149.41176470588235,Mid
BMW,M4,425.0,26.0,69350.0,11.146935845249686,0.9830375983267394,-0.19400813046653653,0.6731457455002986,-0.21114890911278117,0,High Value,1,163.1764705882353,Mid
BMW,M4 GTS,493.0,23.0,133205.0,11.799652081118973,1.500034337502269,-0.6749965028212268,1.6623357390837463,0.26231253766475326,2,Overpriced / Low Value,0,270.1926977687627,High
BMW,M5,560.0,20.0,93600.0,11.446796346169297,2.009428183454629,-1.155984875175917,1.127583663051962,-0.2390963139094513,0,High Value,0,167.14285714285714,Mid
BMW,M6,560.0,20.0,115950.0,11.66092296705356,2.009428183454629,-1.155984875175917,1.4520920774266388,-0.024969693025187922,2,Overpriced / Low Value,0,207.05357142857142,High
BMW,M6 Gran Coupe,560.0,20.0,117200.0,11.671645688511857,2.009428183454629,-1.155984875175917,1.4683423377812075,-0.01424697156689092,2,Overpriced / Low Value,0,209.28571428571428,High
BMW,X1,234.0,32.0,33950.0,10.432673587634051,-0.46911500729864514,0.767968614242844,-0.40931710619625633,-0.1282526225425542,1,Standard Value,2,145.0854700854701,Mid
BMW,X3,240.0,28.0,41625.0,10.636480251018197,-0.42349764795962785,0.1266507844365903,-0.10044856429958972,0.08894178934104424,1,Standard Value,1,173.4375,Mid
BMW,X4,300.0,27.0,48000.0,10.778977123006351,0.03267594543054534,-0.033678673014973105,0.11550512605085463,-0.08230805982696587,0,High Value,1,160.0,Mid
BMW,X5,300.0,25.0,57700.0,10.96302978336854,0.03267594543054534,-0.35433758791809994,0.3944365206104203,0.12695229925172313,0,High Value,1,192.33333333333334,High
BMW,X5 M,567.0,19.0,98800.0,11.500863005142227,2.062648436016816,-1.3163143326274804,1.2095215636333436,-0.19059391514217872,0,High Value,0,174.2504409171076,High
BMW,X6,300.0,24.0,62900.0,11.049317340813348,0.03267594543054534,-0.5146670453696633,0.5252051206613825,0.2258437060547802,0,High Value,1,209.66666666666666,High
BMW,X6 M,567.0,19.0,102200.0,11.534696741439683,2.062648436016816,-1.3163143326274804,1.2607965152153466,-0.15676017884472238,0,High Value,0,180.2469135802469,High
BMW,Z4,300.0,24.0,56950.0,10.949946527983677,0.03267594543054534,-0.5146670453696633,0.3746088763769843,0.12647289322510957,0,High Value,1,189.83333333333334,High
Bentley,Continental Flying Spur,552.0,19.0,184200.0,12.123782831670258,1.9486050376692727,-1.3163143326274804,2.1535551655945846,0.4715377510903753,2,Overpriced / Low Value,0,333.69565217391306,High
Bentley,Continental Flying Spur Speed,600.0,17.0,209600.0,12.252961002410009,2.313543912381411,-1.6369732475306074,2.349324394032722,0.5039768491189704,2,Overpriced / Low Value,0,349.3333333333333,High
Bentley,Continental GT,521.0,24.0,214600.0,12.276535769000125,1.7129153477510166,-0.5146670453696633,2.385051900000075,0.645801833118341,2,Overpriced / Low Value,0,411.90019193857967,High
Bentley,Continental GT Speed,608.0,18.5,212350.0,12.265995844936828,2.3743670581667677,-1.396479061353262,2.3690786686882217,0.4787345878926157,2,Overpriced / Low Value,0,349.25986842105266,High
Bentley,Continental GT Speed Convertible,626.0,20.0,238700.0,12.382967001677175,2.5112191361838194,-1.155984875175917,2.5463481947500846,0.5341304089263446,2,Overpriced / Low Value,0,381.30990415335464,High
Bentley,Continental GTC,544.0,22.0,212800.0,12.268112735686705,1.8877818918839162,-0.8353259602727902,2.3722868118784985,0.5994070557458446,2,Overpriced / Low Value,0,391.1764705882353,High
Bentley,Continental GTC Speed,600.0,17.0,233750.0,12.362011725216648,2.313543912381411,-1.6369732475306074,2.5145905202073013,0.6130275719256097,2,Overpriced / Low Value,0,389.5833333333333,High
Bentley,Continental Supersports,621.0,19.0,267000.0,12.495007682693725,2.4732046700679717,-1.3163143326274804,2.7161455958952296,0.670503262074682,2,Overpriced / Low Value,0,429.951690821256,High
Bentley,Continental Supersports Convertible,621.0,19.0,280400.0,12.543976000470021,2.4732046700679717,-1.3163143326274804,2.790356971811773,0.7194715798509783,2,Overpriced / Low Value,0,451.52979066022544,High
Bentley,Flying Spur,616.0,20.0,201000.0,12.211065162153215,2.435190203952124,-1.155984875175917,2.2858313419568876,0.38578002861161487,2,Overpriced / Low Value,0,326.2987012987013,High
Bentley,Supersports Convertible ISR,631.0,19.0,291900.0,12.584169982667103,2.5492336022996676,-1.3163143326274804,2.851270861809733,0.7363022215684794,2,Overpriced / Low Value,0,462.59904912836765,High
Buick,Cascada,200.0,27.0,36065.0,10.493105872267217,-0.7276133768864099,-0.033678673014973105,-0.31773211418376185,0.2248190914735897,1,Standard Value,1,180.325,High
Buick,Enclave,288.0,22.0,45660.0,10.72899982085141,-0.058558773247489294,-0.8353259602727902,0.039764636568278555,-0.009563376201521478,0,High Value,1,158.54166666666666,Mid
Buick,Encore,138.0,32.5,27902.5,10.236507407970185,-1.1989927567229222,0.8481333429686256,-0.7066065121270881,0.4415852891343679,1,Standard Value,2,202.19202898550725,High
Buick,Envision,224.5,27.0,40820.0,10.616951933858967,-0.5413424929187559,-0.033678673014973105,-0.13004368521719242,0.1796594606687414,1,Standard Value,1,181.82628062360803,High
Buick,LaCrosse,304.0,28.0,38112.5,10.548323829063152,0.06308751832322355,0.1266507844365903,-0.23404942433015577,-0.3449365328442138,0,High Value,1,125.37006578947368,Low
Buick,Lucerne,227.0,26.0,34830.0,10.458263073829322,-0.5223352598608321,-0.19400813046653653,-0.3705362971796214,0.017378116010199562,1,Standard Value,1,153.43612334801762,Mid
Buick,Regal,259.0,29.0,31615.0,10.361418600547594,-0.2790426767194063,0.28698024188815374,-0.5173038795373076,-0.3101513929081481,0,High Value,1,122.06563706563706,Low
Buick,Verano,180.0,32.0,24295.0,10.098067006725584,-0.879671241349801,0.767968614242844,-0.9164126301508805,-0.07914779038403985,1,Standard Value,2,134.97222222222223,Low
Cadillac,ATS,272.0,30.0,43155.0,10.67257673667123,-0.18020506481820214,0.44730969933971715,-0.045744421137048075,-0.0832222740954105,1,Standard Value,1,158.65808823529412,Mid
Cadillac,ATS Coupe,272.0,30.0,46995.0,10.757817770687463,-0.18020506481820214,0.44730969933971715,0.08343817500178943,0.002018759920822788,1,Standard Value,1,172.77573529411765,Mid
Cadillac,ATS-V,464.0,23.0,61680.0,11.029731220816553,1.279550434030352,-0.6749965028212268,0.49552239967290945,-0.41894396375079523,0,High Value,0,132.93103448275863,Low
Cadillac,CT6,335.0,27.0,63582.5,11.060109281707136,0.2987772082414797,-0.033678673014973105,0.5415602829154095,0.03743851905257145,0,High Value,1,189.79850746268656,High
Cadillac,CTS,321.0,29.0,57520.0,10.959905377501109,0.19233670311710596,0.28698024188815374,0.3897014905160013,-0.02553922548372256,0,High Value,1,179.19003115264798,High
Cadillac,CTS Coupe,318.0,27.0,44872.5,10.711602699048068,0.1695280234475973,-0.033678673014973105,0.01339933743932575,-0.23490157838832282,0,High Value,1,141.10849056603774,Mid
Cadillac,CTS Wagon,318.0,26.0,44190.0,10.696276427422939,0.1695280234475973,-0.19400813046653653,-0.00982759288259143,-0.2376240006552024,0,High Value,1,138.96226415094338,Low
Cadillac,CTS-V,640.0,21.0,83995.0,11.33852445764401,2.6176596413081934,-0.9956554177243536,0.963497858486431,-0.5552635845661431,0,High Value,0,131.2421875,Low
Cadillac,CTS-V Coupe,556.0,19.0,63600.0,11.060384472475045,1.9790166105619509,-1.3163143326274804,0.541977333907835,-0.6024203219371458,0,High Value,0,114.38848920863309,Low
Cadillac,CTS-V Wagon,556.0,19.0,63215.0,11.054312712651171,1.9790166105619509,-1.3163143326274804,0.5327755954935626,-0.6084920817610193,0,High Value,0,113.69604316546763,Low
Cadillac,DTS,275.0,23.0,53175.0,10.881362445721418,-0.15739638514869347,-0.6749965028212268,0.2706698533150291,0.19774801838352296,0,High Value,1,193.36363636363637,High
Cadillac,Escalade,420.0,21.0,79920.0,11.288793925756666,0.9450231322108916,-0.9956554177243536,0.8881313487917127,0.011036478320196608,0,High Value,0,190.28571428571428,High
Cadillac,Escalade ESV,420.0,21.0,82920.0,11.325643626293688,0.9450231322108916,-0.9956554177243536,0.9439769874239787,0.04788617885721891,0,High Value,0,197.42857142857142,High
Cadillac,Escalade EXT,403.0,18.0,67250.0,11.116187167242005,0.8157739474170093,-1.476643790079044,0.626546192846902,-0.06333035976806833,0,High Value,0,166.87344913151364,Mid
Cadillac,Escalade Hybrid,332.0,23.0,80135.0,11.2914804702916,0.275968528571971,-0.6749965028212268,0.8922028010174001,0.3323812418708627,2,Overpriced / Low Value,1,241.37048192771084,High
Cadillac,SRX,308.0,24.0,46135.0,10.739348835295248,0.09349909121590176,-0.5146670453696633,0.05544854477941897,-0.12261423163913321,0,High Value,1,149.78896103896105,Mid
Cadillac,STS,302.0,27.0,53382.5,10.885256988437378,0.047881731876884444,-0.033678673014973105,0.2765720240785313,0.014254068773784212,0,High Value,1,176.76324503311258,High
Cadillac,XT5,310.0,26.5,49642.5,10.812622744488113,0.10870487766224086,-0.11384340174075482,0.16649499005099005,-0.09031608900010113,0,High Value,1,160.13709677419354,Mid
Cadillac,XTS,304.0,26.0,57935.0,10.967094232005422,0.06308751832322355,-0.19400813046653653,0.40059618341654457,0.09904156881455606,0,High Value,1,190.57565789473685,High
Chevrolet,Avalanche,320.0,21.0,40195.0,10.601522767168849,0.1847338098939364,-0.9956554177243536,-0.15342655277964867,-0.27852781100108537,0,High Value,1,125.609375,Low
Chevrolet,Aveo,108.0,35.0,14175.0,9.559305672844863,-1.4270795534180087,1.2489569865975343,-1.7329042249933395,0.0913689601754335,1,Standard Value,2,131.25,Low
Chevrolet,Black Diamond Avalanche,320.0,21.0,40352.5,10.60543341095242,0.1847338098939364,-0.9956554177243536,-0.14749998088424227,-0.2746171672175137,0,High Value,1,126.1015625,Low
Chevrolet,Camaro,426.0,25.0,36300.0,10.499600568082863,0.990640491549909,-0.35433758791809994,-0.30788941722119884,-0.8493175042193499,0,High Value,1,85.21126760563381,Low
Chevrolet,Captiva Sport,180.0,28.0,25462.5,10.145001333205215,-0.879671241349801,0.1266507844365903,-0.8452837634889406,0.018201933528590786,1,Standard Value,2,141.45833333333334,Mid
Chevrolet,City Express,131.0,26.0,22960.0,10.041552403492023,-1.2522130092851091,-0.19400813046653653,-1.0020603847766325,0.404688464266286,1,Standard Value,2,175.26717557251908,High
Chevrolet,Cobalt,155.0,37.0,15670.0,9.659567149523216,-1.0697435719290398,1.569615901500661,-1.580958181641066,-0.36197463818639974,1,Standard Value,2,101.09677419354838,Low
Chevrolet,Colorado,200.0,25.0,28130.0,10.244627450087735,-0.7276133768864099,-0.35433758791809994,-0.6943006064842486,0.0015483680106083142,1,Standard Value,1,140.65,Mid
Chevrolet,Corvette,460.0,25.0,69170.0,11.144336978624723,1.2491388611376737,-0.35433758791809994,0.6692071689508009,-0.31688336657938265,0,High Value,0,150.3695652173913,Mid
Chevrolet,Corvette Stingray,455.0,29.0,57500.0,10.959557617938563,1.211124395021826,0.28698024188815374,0.3891744616778337,-0.5360942059056093,0,High Value,1,126.37362637362638,Low
Chevrolet,Cruze,153.0,39.0,20095.0,9.908276069267925,-1.0849493583753789,1.890274816403788,-1.2040403707967169,-0.11947946172190349,1,Standard Value,2,131.33986928104576,Low
Chevrolet,Cruze Limited,138.0,38.0,20195.0,9.913239843978806,-1.1989927567229222,1.7299453589522245,-1.196517781339652,0.04899655367261424,1,Standard Value,2,146.34057971014494,Mid
Chevrolet,Equinox,182.0,32.0,27260.0,10.213212388363457,-0.8644654549034619,0.767968614242844,-0.7419100621676605,0.01983705099916655,1,Standard Value,2,149.78021978021977,Mid
Chevrolet,Express,285.0,17.0,34815.0,10.457832330215615,-0.08136745291699796,-1.6369732475306074,-0.3711890881614662,-0.20239719726489014,0,High Value,1,122.15789473684211,Low
Chevrolet,Express Cargo,252.5,18.0,30235.0,10.316788546412067,-0.3284614826700084,-1.476643790079044,-0.5849406266225948,-0.1789666589698573,0,High Value,1,119.74257425742574,Low
Chevrolet,HHR,155.0,32.0,19375.0,9.871790465792873,-1.0697435719290398,0.767968614242844,-1.2593342211470284,-0.08673207512549475,1,Standard Value,2,125.0,Low
Chevrolet,Impala,250.0,29.0,35490.0,10.477034422194833,-0.3474687157279323,0.28698024188815374,-0.34208836077352955,-0.14281062782970722,1,Standard Value,1,141.96,Mid
Chevrolet,Impala Limited,300.0,30.0,26840.0,10.197685848215706,0.03267594543054534,0.44730969933971715,-0.7654404989870742,-0.7014108826923593,0,High Value,1,89.46666666666667,Low
Chevrolet,Malibu,196.0,36.0,25470.0,10.145295829079494,-0.7580249497790882,1.4092864440490975,-0.8448374556510482,-0.20687885340346135,1,Standard Value,2,129.94897959183675,Low
Chevrolet,Malibu Hybrid,164.0,34.0,25925.0,10.163001605159987,-1.001317532920514,1.0886275291459708,-0.8180043916563587,0.09672515746340693,1,Standard Value,2,158.07926829268294,Mid
Chevrolet,Malibu Limited,197.0,34.0,23835.0,10.07895232186687,-0.7504220565559186,1.0886275291459708,-0.9453808922434559,-0.25545749736298795,1,Standard Value,2,120.98984771573605,Low
Chevrolet,SS,415.0,21.0,45745.0,10.730859635187304,0.9070086660950439,-0.9956554177243536,0.04258318102893471,-0.5293824650313468,0,High Value,1,110.2289156626506,Low
Chevrolet,Silverado 1500,285.0,22.0,38612.5,10.561357235240461,-0.08136745291699796,-0.8353259602727902,-0.2142973264591226,-0.1618915390312914,0,High Value,1,135.48245614035088,Low
Chevrolet,Silverado 1500 Hybrid,332.0,23.0,44882.5,10.711825522895598,0.275968528571971,-0.6749965028212268,0.013737026481202563,-0.2472737055251386,0,High Value,1,135.1882530120482,Low
Chevrolet,Sonic,138.0,35.0,18157.5,9.806894049624846,-1.1989927567229222,1.2489569865975343,-1.3576845945023732,-0.01953769260659577,1,Standard Value,2,131.57608695652175,Low
Chevrolet,Spark,98.0,39.0,14960.0,9.613202094214232,-1.5031084856497043,1.890274816403788,-1.651224319118876,0.23695332769674415,1,Standard Value,2,152.6530612244898,Mid
Chevrolet,Suburban,355.0,22.5,56125.0,10.935354442257765,0.4508350727048707,-0.7551612315470084,0.3524946031409885,-0.11540617512354778,0,High Value,1,158.09859154929578,Mid
Chevrolet,Tahoe,355.0,22.5,53425.0,10.886052797840904,0.4508350727048707,-0.7551612315470084,0.2777780714472149,-0.1647078195404088,0,High Value,1,150.49295774647888,Mid
Chevrolet,Tahoe Hybrid,332.0,23.0,53785.0,10.892768489237657,0.275968528571971,-0.6749965028212268,0.2879556867179845,-0.06633073918307986,0,High Value,1,162.00301204819277,Mid
Chevrolet,Traverse,281.0,22.0,36052.5,10.49275922537906,-0.11177902580967616,-0.8353259602727902,-0.31825745676638345,-0.2098176285957294,0,High Value,1,128.30071174377224,Low
Chevrolet,Trax,138.0,32.0,22772.5,10.033352858268733,-1.1989927567229222,0.767968614242844,-1.014486777198159,0.24473266411204087,1,Standard Value,2,165.018115942029,Mid
Chrysler,200,184.0,36.0,26625.0,10.189643460991862,-0.8492596684571228,1.4092864440490975,-0.7776287188124238,-0.07013119259835854,1,Standard Value,2,144.70108695652175,Mid
Chrysler,300,292.0,28.5,38082.5,10.54753639644638,-0.028147200354811084,0.206815513162372,-0.2352427766972749,-0.2931247483275943,0,High Value,1,130.4195205479452,Low
Chrysler,PT Cruiser,150.0,24.0,18275.0,9.813344002683163,-1.1077580380448875,-0.5146670453696633,-1.3479097050883346,0.0036078319648140678,1,Standard Value,2,121.83333333333333,Low
Chrysler,Pacifica,287.0,28.0,34495.0,10.448598654268668,-0.06616166647065885,0.1266507844365903,-0.3851827033785707,-0.3605006285454788,0,High Value,1,120.19163763066202,Low
Chrysler,Sebring,173.0,29.0,27850.0,10.23462415135353,-0.9328914939119879,0.28698024188815374,-0.709460583311733,0.15323189558748318,1,Standard Value,2,160.98265895953756,Mid
Chrysler,Town and Country,283.0,25.0,34465.0,10.447728609841523,-0.09657323936333706,-0.35433758791809994,-0.38650125375928723,-0.3030322754879027,0,High Value,1,121.7844522968198,Low
Dodge,Avenger,173.0,29.0,22945.0,10.040898908359088,-0.9328914939119879,0.28698024188815374,-1.0030507551869752,-0.04049334740695976,1,Standard Value,2,132.63005780346822,Low
Dodge,Caliber,158.0,30.0,18675.0,9.834994556090829,-1.0469348922595312,0.44730969933971715,-1.3150983398893605,-0.12635655703001802,1,Standard Value,2,118.19620253164557,Low
Dodge,Challenger,375.0,23.0,37995.0,10.545236170010073,0.6028929371682618,-0.6749965028212268,-0.238728764709725,-0.5919841859046588,0,High Value,1,101.32,Low
Dodge,Charger,370.0,25.0,34342.5,10.444168051214678,0.5648784710524141,-0.35433758791809994,-0.391897272383753,-0.6986286480956352,0,High Value,1,92.81756756756756,Low
Dodge,Dakota,210.0,19.0,27880.0,10.235700732236957,-0.6515844446547144,-1.3163143326274804,-0.707829027394099,-0.003111552442794263,0,High Value,1,132.76190476190476,Low
Dodge,Dart,184.0,35.0,19995.0,9.903287532533462,-0.8492596684571228,1.2489569865975343,-1.2116004870450638,-0.34388327169850896,1,Standard Value,2,108.66847826086956,Low
Dodge,Durango,295.0,25.0,41145.0,10.624881996034176,-0.005338520685302426,-0.35433758791809994,-0.1180256937514765,-0.18661484204133671,0,High Value,1,139.47457627118644,Low
Dodge,Grand Caravan,283.0,25.0,27045.0,10.205294399033304,-0.09657323936333706,-0.35433758791809994,-0.7539097572637333,-0.5454664862961209,0,High Value,1,95.56537102473499,Low
Dodge,Journey,283.0,25.0,27495.0,10.22179581852967,-0.09657323936333706,-0.35433758791809994,-0.7289018929749161,-0.5289650667997563,0,High Value,1,97.15547703180212,Low
Dodge,Nitro,210.0,21.0,24940.0,10.12426831466115,-0.6515844446547144,-0.9956554177243536,-0.8767046066571149,-0.13975166873510148,0,High Value,1,118.76190476190476,Low
Dodge,Ram Pickup 1500,310.0,18.5,28795.0,10.267991767589194,0.10870487766224086,-1.396479061353262,-0.6588920356394166,-0.5341162710330227,0,High Value,1,92.88709677419355,Low
Dodge,SRT Viper,640.0,19.0,102390.0,11.536554097099938,2.6176596413081934,-1.3163143326274804,1.263611333558577,-0.33202624639371514,0,High Value,0,159.984375,Mid
Dodge,Viper,645.0,21.0,95895.0,11.471019549886936,2.655674107424041,-0.9956554177243536,1.1642938740337838,-0.43414998176411856,0,High Value,0,148.67441860465115,Mid
FIAT,124 Spider,160.0,35.0,27495.0,10.22179581852967,-1.031729105813192,1.2489569865975343,-0.7289018929749161,0.1790288133844573,1,Standard Value,2,171.84375,Mid
FIAT,500,101.0,34.0,20370.0,9.921867599817558,-1.4802998059801957,1.0886275291459708,-1.1834424366894478,0.5645388392582706,1,Standard Value,2,201.68316831683168,High
FIAT,500L,160.0,33.0,21880.0,9.99337395933065,-1.031729105813192,0.9282980716944074,-1.0750747089988242,-0.024185347098061527,1,Standard Value,2,136.75,Low
FIAT,500X,180.0,30.0,25135.0,10.132056360495403,-0.879671241349801,0.44730969933971715,-0.8649018406380458,-0.019950737897721282,1,Standard Value,2,139.63888888888889,Low
Ferrari,458 Italia,562.0,17.0,257412.0,12.458437077919331,2.024633969900968,-1.6369732475306074,2.6607229262661423,0.8051420066955721,2,Overpriced / Low Value,0,458.02846975088966,High
Ferrari,California,483.0,19.0,198190.0,12.196986491168916,1.4240054052705735,-1.3163143326274804,2.264495147611921,0.7400329433621877,2,Overpriced / Low Value,0,410.3312629399586,High
Ferrari,California T,553.0,23.0,198973.0,12.200929441904416,1.9562079308924423,-0.6749965028212268,2.270470680620617,0.49562187898403565,2,Overpriced / Low Value,0,359.80650994575046,High
Ferrari,FF,651.0,16.0,295000.0,12.59473402514672,2.7012914667630583,-1.7973027049821706,2.867280644527502,0.7390418471277886,2,Overpriced / Low Value,0,453.1490015360983,High
Ford,C-Max Hybrid,188.0,37.0,25645.0,10.152142893019061,-0.8188480955644446,1.569615901500661,-0.8344607455858765,-0.15168873641290048,1,Standard Value,2,136.4095744680851,Low
Ford,Crown Victoria,231.5,24.0,29905.0,10.305814408143789,-0.48812224035656904,-0.5146670453696633,-0.6015719085895957,-0.13857179048065582,0,High Value,1,129.1792656587473,Low
Ford,E-Series Van,225.0,16.0,29937.5,10.306900556518162,-0.5375410463071711,-1.7973027049821706,-0.5999258531608596,0.004996778626120246,0,High Value,1,133.05555555555554,Low
Ford,E-Series Wagon,255.0,15.0,33860.0,10.430019188623737,-0.30945424961208456,-1.957632162433734,-0.41333984195137935,-0.04233359028304129,0,High Value,1,132.7843137254902,Low
Ford,Edge,245.0,28.0,33785.0,10.427801794482674,-0.38548318184378005,0.1266507844365903,-0.4167002978059035,-0.1498926636486999,0,High Value,1,137.89795918367346,Low
Ford,Escape,178.0,30.0,27400.0,10.21833478806055,-0.8948770277961401,0.44730969933971715,-0.7341470768992594,0.08266879835397312,1,Standard Value,2,153.93258426966293,Mid
Ford,Escape Hybrid,177.0,29.0,32345.0,10.384245644679723,-0.9024799210193096,0.28698024188815374,-0.4827095452803744,0.26942304168615294,1,Standard Value,2,182.74011299435028,High
Ford,Expedition,365.0,20.0,58892.5,10.983486007013445,0.5268640049365663,-1.155984875175917,0.4254378817288483,-0.07639298872982181,0,High Value,1,161.34931506849315,Mid
Ford,Explorer,290.0,23.0,35775.0,10.48503255651477,-0.04335298680115019,-0.6749965028212268,-0.329967206124938,-0.27625573452677266,0,High Value,1,123.36206896551724,Low
Ford,Explorer Sport Trac,210.0,19.0,33065.0,10.40626084311129,-0.6515844446547144,-1.3163143326274804,-0.4493455613643654,0.1674485584315395,0,High Value,1,157.45238095238096,Mid
Ford,F-150,325.0,23.0,38817.5,10.56665221610011,0.22274827600978417,-0.6749965028212268,-0.20627279482539543,-0.3612811508419149,0,High Value,1,119.43846153846154,Low
Ford,Fiesta,120.0,35.0,16085.0,9.685704607464015,-1.3358448347399743,1.2489569865975343,-1.541346922671366,0.06367666431933117,1,Standard Value,2,134.04166666666666,Low
Ford,Flex,287.0,23.0,36190.0,10.49656574811856,-0.06616166647065885,-0.6749965028212268,-0.3124886800800715,-0.24951428790433994,0,High Value,1,126.09756097560975,Low
Ford,Focus,160.0,40.0,19765.0,9.89171856893613,-1.031729105813192,2.050604273855351,-1.2291332254660274,-0.21406768300033008,1,Standard Value,2,123.53125,Low
Ford,Focus RS,350.0,25.0,36120.0,10.494629692640487,0.412820606589023,-0.35433758791809994,-0.31542276782094286,-0.5668953207037042,0,High Value,1,103.2,Low
Ford,Focus ST,252.0,31.0,24425.0,10.103403417731034,-0.3322629292815932,0.6076391567912806,-0.908325311223982,-0.55330289077299,0,High Value,2,96.92460317460318,Low
Ford,Fusion,231.0,31.0,28115.0,10.244094088295796,-0.4919236869681538,0.6076391567912806,-0.6951089150853723,-0.2853568621458038,1,Standard Value,2,121.70995670995671,Low
Ford,Fusion Hybrid,188.0,41.0,26977.5,10.202795531477866,-0.8188480955644446,2.210933731306915,-0.7576967854473327,-0.15145149538709468,1,Standard Value,2,143.49734042553192,Mid
Ford,Mustang,310.0,27.5,32347.5,10.384322931002401,0.10870487766224086,0.0464860557108086,-0.4825924180314518,-0.5312197518440609,0,High Value,1,104.34677419354838,Low
Ford,Ranger,207.0,21.0,22290.0,10.011938288540932,-0.674393124324223,-0.9956554177243536,-1.0469405096588265,-0.2310379647147034,0,High Value,1,107.68115942028986,Low
Ford,Shelby GT350,526.0,21.0,57795.0,10.964674848113502,1.7509298138668643,-0.9956554177243536,0.39692961254698805,-0.6422162610904252,0,High Value,0,109.8764258555133,Low
Ford,Shelby GT500,662.0,24.0,55110.0,10.91710461223978,2.7849232922179237,-0.5146670453696633,0.32483702662253966,-1.0639241192591005,0,High Value,0,83.24773413897282,Low
Ford,Taurus,288.0,26.5,33015.0,10.404747571432418,-0.058558773247489294,-0.11384340174075482,-0.45163892120445,-0.3905329477326358,0,High Value,1,114.63541666666667,Low
Ford,Transit Connect,169.0,28.0,25185.0,10.134043563565792,-0.963303066804666,0.1266507844365903,-0.8618902388355736,0.09946757132016693,1,Standard Value,2,149.02366863905326,Mid
Ford,Transit Wagon,275.0,19.0,37575.0,10.53412082770683,-0.15739638514869347,-1.3163143326274804,-0.25557404107546206,-0.09907820219806673,0,High Value,1,136.63636363636363,Low
GMC,Acadia,281.0,23.5,40920.0,10.619398657694624,-0.11177902580967616,-0.5948317740954451,-0.12633568072413606,-0.10208397031754046,0,High Value,1,145.62277580071174,Mid
GMC,Acadia Limited,281.0,22.0,44850.0,10.711101163782413,-0.11177902580967616,-0.8353259602727902,0.012639261867503833,0.008524309807622643,0,High Value,1,159.6085409252669,Mid
GMC,Canyon,200.0,25.0,28867.5,10.270506314258327,-0.7276133768864099,-0.35433758791809994,-0.6550812457941295,0.027427232181199912,1,Standard Value,1,144.3375,Mid
GMC,Savana,285.0,17.0,34815.0,10.457832330215615,-0.08136745291699796,-1.6369732475306074,-0.3711890881614662,-0.20239719726489014,0,High Value,1,122.15789473684211,Low
GMC,Savana Cargo,285.0,17.0,32495.0,10.388872283820167,-0.08136745291699796,-1.6369732475306074,-0.4756978840252299,-0.2713572436603382,0,High Value,1,114.01754385964912,Low
GMC,Sierra 1500,285.0,22.0,39702.5,10.58919462399838,-0.08136745291699796,-0.8353259602727902,-0.17210982614338124,-0.1340541502733732,0,High Value,1,139.30701754385964,Low
GMC,Sierra 1500 Hybrid,332.0,23.0,45290.0,10.720863616235846,0.275968528571971,-0.6749965028212268,0.027434236695898045,-0.23823561218489075,0,High Value,1,136.4156626506024,Low
GMC,Terrain,182.0,31.0,30050.0,10.310651217279874,-0.8644654549034619,0.6076391567912806,-0.5942417351767701,0.12987972927383318,1,Standard Value,2,165.1098901098901,Mid
GMC,Yukon,355.0,22.0,58270.0,10.97285982147948,0.4508350727048707,-0.8353259602727902,0.4093339213513946,-0.07159887122270803,0,High Value,1,164.14084507042253,Mid
GMC,Yukon Hybrid,332.0,23.0,57940.0,10.967180530408093,0.275968528571971,-0.6749965028212268,0.4007269684525116,0.008081301987356682,0,High Value,1,174.51807228915663,High
GMC,Yukon XL,355.0,22.0,60970.0,11.018153620276298,0.4508350727048707,-0.8353259602727902,0.47797657198429067,-0.026305072425889975,0,High Value,1,171.74647887323943,Mid
Genesis,G80,311.0,25.0,43900.0,10.689692377847104,0.11630777088541042,-0.35433758791809994,-0.019805705268595774,-0.19905087573023117,0,High Value,1,141.15755627009645,Mid
HUMMER,H3,239.0,18.0,37162.5,10.5230823757906,-0.4311005411827974,-1.476643790079044,-0.27230279023189496,0.1076889468896347,0,High Value,1,155.49163179916317,Mid
HUMMER,H3T,239.0,18.0,35680.0,10.482373613207029,-0.4311005411827974,-1.476643790079044,-0.33399682875263426,0.06698018430606467,0,High Value,1,149.2887029288703,Mid
Honda,Accord,185.0,34.0,27190.0,10.210641315177503,-0.8416567752339532,1.0886275291459708,-0.74580651782259,-0.03185256431683925,1,Standard Value,2,146.97297297297297,Mid
Honda,Accord Crosstour,271.0,27.0,34180.0,10.439425213116973,-0.1878079580413717,-0.033678673014973105,-0.3990850328983787,-0.27317545154345524,0,High Value,1,126.12546125461255,Low
Honda,Accord Hybrid,196.0,45.0,32055.0,10.375239652315981,-0.7580249497790882,2.8522515611131682,-0.4963581065370706,-0.09036967439122101,1,Standard Value,2,163.54591836734693,Mid
Honda,Accord Plug-In Hybrid,196.0,46.0,39780.0,10.591144690352435,-0.7580249497790882,3.012581018564732,-0.16915450495133763,0.11293151428698245,1,Standard Value,2,202.9591836734694,High
Honda,CR-V,185.0,32.0,28295.0,10.250475730885316,-0.8416567752339532,0.767968614242844,-0.6854375500338007,0.033189550107474375,1,Standard Value,2,152.94594594594594,Mid
Honda,CR-Z,130.0,38.5,22315.0,10.01305918896542,-1.2598159025082787,1.810110087678006,-1.0452417875759759,0.22985419152515796,1,Standard Value,2,171.65384615384616,Mid
Honda,Civic,158.0,40.0,22300.0,10.012386799492118,-1.0469348922595312,2.050604273855351,-1.046260792316826,-0.07500280721122543,1,Standard Value,2,141.13924050632912,Mid
Honda,Crosstour,278.0,30.0,33427.5,10.417164108530105,-0.13458770547918483,0.44730969933971715,-0.43282168704199303,-0.37054556478261347,0,High Value,1,120.24280575539568,Low
Honda,Element,166.0,25.0,22935.0,10.040463007563206,-0.9861117464741748,-0.35433758791809994,-1.0037113618668552,0.06989354446618634,1,Standard Value,1,138.16265060240963,Low
Honda,Fit,130.0,37.5,18130.0,9.805378459425809,-1.2598159025082787,1.6497806302264428,-1.3599814680545752,0.03477731134379525,1,Standard Value,2,139.46153846153845,Low
Honda,HR-V,141.0,33.5,21765.0,9.988104398256008,-1.1761840770534135,1.008462800420189,-1.0830607170053075,0.14912530357844922,1,Standard Value,2,154.36170212765958,Mid
Honda,Insight,98.0,44.0,21232.5,9.963335402154904,-1.5031084856497043,2.691922103661605,-1.1205980751218685,0.5240673888461664,1,Standard Value,2,216.65816326530611,High
Honda,Odyssey,248.0,28.0,37375.0,10.5287840661879,-0.3626745021742714,0.1266507844365903,-0.26366189120475647,-0.06670997082327546,1,Standard Value,1,150.70564516129033,Mid
Honda,Pilot,280.0,26.0,36970.0,10.517889100523476,-0.11938191903284572,-0.19400813046653653,-0.2801731872679376,-0.2298891916645509,0,High Value,1,132.03571428571428,Low
Honda,Ridgeline,280.0,25.0,33547.5,10.420747432011362,-0.11938191903284572,-0.35433758791809994,-0.4273911683316516,-0.3144270108184166,0,High Value,1,119.8125,Low
Hyundai,Accent,137.0,37.5,15920.0,9.675394271496005,-1.2065956499460917,1.6497806302264428,-1.556972213739016,-0.17191058170540252,1,Standard Value,2,116.2043795620438,Low
Hyundai,Azera,293.0,28.0,36150.0,10.4954598897216,-0.020544307131641532,0.1266507844365903,-0.3141646060038933,-0.34389938314812873,0,High Value,1,123.37883959044369,Low
Hyundai,Elantra,147.0,37.0,20950.0,9.949941656908011,-1.1305667177143963,1.569615901500661,-1.140896266045811,0.005902187067334808,1,Standard Value,2,142.51700680272108,Mid
Hyundai,Elantra Coupe,148.0,37.0,19600.0,9.883335864325275,-1.1229638244912268,1.569615901500661,-1.2418371955291887,-0.07061899272940053,1,Standard Value,2,132.43243243243242,Low
Hyundai,Elantra GT,173.0,33.0,19300.0,9.867912187022208,-0.9328914939119879,0.9282980716944074,-1.265211743937863,-0.2638954661768391,1,Standard Value,2,111.5606936416185,Low
Hyundai,Elantra Touring,138.0,30.5,18095.0,9.803446198355902,-1.1989927567229222,0.5274744280654988,-1.3629098053783701,0.03373177823658402,1,Standard Value,2,131.1231884057971,Low
Hyundai,Equus,429.0,23.0,65000.0,11.082157933374816,1.0134491712194176,-0.6749965028212268,0.5749749651358215,-0.25181573855533834,0,High Value,1,151.5151515151515,Mid
Hyundai,Genesis,322.0,25.0,40875.0,10.6182983727321,0.1999395963402755,-0.35433758791809994,-0.12800316012055318,-0.32127986918443696,0,High Value,1,126.94099378881988,Low
Hyundai,Genesis Coupe,348.0,25.0,29500.0,10.292179440058462,0.3976148201426839,-0.35433758791809994,-0.6222356721849237,-0.7609643812248574,0,High Value,1,84.77011494252874,Low
Hyundai,Santa Fe,290.0,24.0,34725.0,10.455243964904083,-0.04335298680115019,-0.5146670453696633,-0.3751117499939784,-0.31864817549571,0,High Value,1,119.74137931034483,Low
Hyundai,Santa Fe Sport,264.0,26.5,31250.0,10.349806654652559,-0.24102821060355856,-0.11384340174075482,-0.5349017575341738,-0.3182185064500729,0,High Value,1,118.37121212121212,Low
Hyundai,Sonata,185.0,36.0,23725.0,10.074326772221049,-0.8416567752339532,1.4092864440490975,-0.95239090237194,-0.19337480598979084,1,Standard Value,2,128.24324324324326,Low
Hyundai,Sonata Hybrid,193.0,43.0,27750.0,10.231027154561334,-0.7808336294485968,2.5315926462100413,-0.7149118238941808,-0.18681596944838574,1,Standard Value,2,143.78238341968913,Mid
Hyundai,Tucson,175.0,28.0,25550.0,10.14843173380919,-0.9176857074656488,0.1266507844365903,-0.8400849990566216,0.06283263643046766,1,Standard Value,2,146.0,Mid
Hyundai,Veloster,201.0,33.0,21625.0,9.981651573505482,-0.7200104836632404,0.9282980716944074,-1.0928399584624562,-0.36955265278363925,1,Standard Value,2,107.58706467661692,Low
Hyundai,Veracruz,260.0,22.0,32220.0,10.380373692872555,-0.27143978349623676,-0.8353259602727902,-0.4885774795721994,-0.20860525419680798,0,High Value,1,123.92307692307692,Low
Infiniti,EX,297.0,24.0,37750.0,10.53876724439254,0.00986726576103668,-0.5146670453696633,-0.2485324069947631,-0.270007633353627,0,High Value,1,127.10437710437711,Low
Infiniti,EX35,297.0,23.5,35600.0,10.480129006333248,0.00986726576103668,-0.5948317740954451,-0.3373985254426445,-0.3223439467337954,0,High Value,1,119.86531986531986,Low
Infiniti,FX,325.0,21.0,46400.0,10.74507628970625,0.22274827600978417,-0.9956554177243536,0.0641284891116183,-0.15764937851927563,0,High Value,1,142.76923076923077,Mid
Infiniti,FX35,303.0,22.0,43575.0,10.68226181906351,0.055484625100053996,-0.8353259602727902,-0.031066700463046177,-0.13055661527668683,0,High Value,1,143.8118811881188,Mid
Infiniti,FX50,390.0,20.0,59000.0,10.985309671896763,0.716936335515805,-1.155984875175917,0.4282016417750884,-0.17145997849578976,0,High Value,1,151.28205128205127,Mid
Infiniti,G Convertible,325.0,25.0,50750.0,10.834686601143401,0.22274827600978417,-0.35433758791809994,0.19993271539606852,-0.11845446451512309,0,High Value,1,156.15384615384616,Mid
Infiniti,G Coupe,330.0,25.0,43350.0,10.677085049993375,0.26076274212563194,-0.35433758791809994,-0.03891208239452368,-0.29838490758629455,0,High Value,1,131.36363636363637,Low
Infiniti,G Sedan,328.0,27.0,37400.0,10.529452721013085,0.2455569556792928,-0.033678673014973105,-0.262648546314762,-0.4623342452159669,0,High Value,1,114.02439024390245,Low
Infiniti,G37 Convertible,325.0,25.0,46950.0,10.75685978366411,0.22274827600978417,-0.35433758791809994,0.08198634781348318,-0.1962812819944144,0,High Value,1,144.46153846153845,Mid
Infiniti,G37 Coupe,330.0,27.0,39150.0,10.575181243876902,0.26076274212563194,-0.033678673014973105,-0.19334707233197293,-0.4254964124192675,0,High Value,1,118.63636363636364,Low
Infiniti,G37 Sedan,328.0,26.0,36525.0,10.505779614751987,0.2455569556792928,-0.19400813046653653,-0.298525085833239,-0.4734035021188152,0,High Value,1,111.35670731707317,Low
Infiniti,JX,265.0,23.5,41950.0,10.6442575495135,-0.23342531738038902,-0.5948317740954451,-0.08866208584863057,0.00851457635625863,0,High Value,1,158.30188679245282,Mid
Infiniti,M,360.0,24.0,54225.0,10.900915777203222,0.4888495388207185,-0.5146670453696633,0.30030288338246885,-0.1892056890806213,0,High Value,1,150.625,Mid
Infiniti,M35,303.0,23.5,46875.0,10.755261096378494,0.055484625100053996,-0.5948317740954451,0.07956354081268181,-0.07646311199907885,0,High Value,1,154.7029702970297,Mid
Infiniti,M37,330.0,25.0,48125.0,10.78157785059498,0.26076274212563194,-0.35433758791809994,0.11944652288661992,-0.1938921069846895,0,High Value,1,145.83333333333334,Mid
Infiniti,M45,325.0,20.5,53400.0,10.885584751364705,0.22274827600978417,-1.0758201464501354,0.27706874806081094,-0.010838992181694707,0,High Value,1,164.30769230769232,Mid
Infiniti,M56,420.0,24.0,59700.0,10.997104049659168,0.9450231322108916,-0.5146670453696633,0.4460759948583632,-0.31846494585204965,0,High Value,1,142.14285714285714,Mid
Infiniti,Q40,328.0,26.0,34750.0,10.455963627557306,0.2455569556792928,-0.19400813046653653,-0.37402110285483386,-0.5232194893134956,0,High Value,1,105.9451219512195,Low
Infiniti,Q50,314.0,29.0,43775.0,10.686841000982222,0.13911645055491909,0.28698024188815374,-0.02412696052114872,-0.26635789237432483,0,High Value,1,139.4108280254777,Low
Infiniti,Q60 Convertible,325.0,26.0,53400.0,10.885584751364705,0.22274827600978417,-0.19400813046653653,0.27706874806081094,-0.08016016365206902,0,High Value,1,164.30769230769232,Mid
Infiniti,Q60 Coupe,330.0,27.0,45175.0,10.718321251352673,0.26076274212563194,-0.033678673014973105,0.023581288409537462,-0.2823564049434957,0,High Value,1,136.8939393939394,Low
Infiniti,Q70,360.0,24.0,55900.0,10.93133754807084,0.4888495388207185,-0.5146670453696633,0.3464070089972665,-0.15878391821300397,0,High Value,1,155.27777777777777,Mid
Infiniti,QX,400.0,20.0,62225.0,11.03852819781779,0.7929652677475006,-1.155984875175917,0.5088541986158586,-0.15526910150830808,0,High Value,1,155.5625,Mid
Infiniti,QX50,325.0,24.0,36050.0,10.492689881579409,0.22274827600978417,-0.5146670453696633,-0.31836254713944767,-0.4478473347208656,0,High Value,1,110.92307692307692,Low
Infiniti,QX56,360.0,19.0,58925.0,10.98403769838583,0.4888495388207185,-1.3163143326274804,0.4262739687680846,-0.04306452110676595,0,High Value,1,163.68055555555554,Mid
Infiniti,QX60,265.0,27.0,44650.0,10.706631982470423,-0.23342531738038902,-0.033678673014973105,0.005866227598725996,0.026775536559307866,1,Standard Value,1,168.49056603773585,Mid
Infiniti,QX70,325.0,23.0,46575.0,10.748840665985405,0.22274827600978417,-0.6749965028212268,0.069833392931675,-0.17909270095661967,0,High Value,1,143.30769230769232,Mid
Infiniti,QX80,400.0,20.0,65800.0,11.094390314766315,0.7929652677475006,-1.155984875175917,0.5935131117380001,-0.09940698455978314,0,High Value,1,164.5,Mid
Kia,Cadenza,293.0,28.0,37490.0,10.531856183153893,-0.020544307131641532,0.1266507844365903,-0.2590061048233564,-0.3075030897158353,0,High Value,1,127.95221843003414,Low
Kia,Forte,173.0,33.0,19940.0,9.900533192709691,-0.9328914939119879,0.9282980716944074,-1.215774682879144,-0.23127446048935596,1,Standard Value,2,115.26011560693641,Low
Kia,K900,420.0,23.0,54900.0,10.91328684226798,0.9450231322108916,-0.6749965028212268,0.319051204780863,-0.38967830388498825,0,High Value,1,130.71428571428572,Low
Kia,Optima,192.0,34.0,25790.0,10.157780872842554,-0.7884365226717663,1.0886275291459708,-0.8259163997906509,-0.1390301144696835,1,Standard Value,2,134.32291666666666,Low
Kia,Optima Hybrid,199.0,40.0,28492.5,10.257431270069345,-0.7352162701095795,2.050604273855351,-0.6748964459785975,-0.16737463972818567,1,Standard Value,2,143.178391959799,Mid
Kia,Rio,138.0,37.0,16990.0,9.740439071085758,-1.1989927567229222,1.569615901500661,-1.4583969656403777,-0.11120036986218373,1,Standard Value,2,123.1159420289855,Low
Kia,Sedona,276.0,24.0,32700.0,10.39516093745751,-0.14979349192552394,-0.5146670453696633,-0.4661674435224176,-0.3063659258734024,0,High Value,1,118.47826086956522,Low
Kia,Sorento,290.0,25.0,33000.0,10.404293143019792,-0.04335298680115019,-0.35433758791809994,-0.45232760644600944,-0.38220284673825056,0,High Value,1,113.79310344827586,Low
Kia,Soul,147.0,30.5,17900.0,9.792611856190192,-1.1305667177143963,0.5274744280654988,-1.3793292266650283,-0.06950259282186266,1,Standard Value,2,121.7687074829932,Low
Kia,Sportage,182.0,26.0,26150.0,10.171642709679686,-0.8644654549034619,-0.19400813046653653,-0.8049088171100772,0.053890468464894425,1,Standard Value,1,143.6813186813187,Mid
Lamborghini,Gallardo,560.0,20.0,225400.0,12.325636317135203,2.009428183454629,-1.155984875175917,2.459463670729198,0.6397436570564548,2,Overpriced / Low Value,0,402.5,High
Lamborghini,Huracan,610.0,20.5,237875.0,12.379504808478211,2.389572844613107,-1.0758201464501354,2.5411012487112656,0.5622328467188566,2,Overpriced / Low Value,0,389.9590163934426,High
Land Rover,Discovery Sport,240.0,26.0,41955.0,10.644376729081495,-0.42349764795962785,-0.19400813046653653,-0.08848146948025723,0.12204596612084195,1,Standard Value,1,174.8125,High
Land Rover,LR2,240.0,24.0,39100.0,10.573903321093981,-0.42349764795962785,-0.5146670453696633,-0.19528376144734863,0.07678025684982615,0,High Value,1,162.91666666666666,Mid
Land Rover,LR4,340.0,19.0,55300.0,10.920546270529568,0.33679167435732743,-1.3163143326274804,0.3300528520524945,-0.02296096781073942,0,High Value,1,162.64705882352942,Mid
Land Rover,Range Rover,510.0,19.0,105300.0,11.564578194753137,1.6292835222961515,-1.3163143326274804,1.3060817907869489,0.028072554373142822,2,Overpriced / Low Value,0,206.47058823529412,High
Land Rover,Range Rover Evoque,240.0,30.0,50475.0,10.829253254772802,-0.42349764795962785,0.44730969933971715,0.19169849114038973,0.256507094379149,1,Standard Value,1,210.3125,High
Land Rover,Range Rover Sport,510.0,19.0,79100.0,11.278480795900865,1.6292835222961515,-1.3163143326274804,0.8725018235933724,-0.2580248444791291,0,High Value,0,155.09803921568627,Mid
Lexus,CT 200h,134.0,40.0,31250.0,10.349806654652559,-1.2294043296156005,2.050604273855351,-0.5349017575341738,0.5033738848953799,1,Standard Value,2,233.2089552238806,High
Lexus,ES 300h,200.0,39.0,41020.0,10.621839409681249,-0.7276133768864099,1.890274816403788,-0.12263672655491424,0.2023064365886249,1,Standard Value,2,205.1,High
Lexus,ES 350,268.0,31.0,38500.0,10.55843949396453,-0.21061663771088035,0.6076391567912806,-0.21871915682798554,-0.18829609560862082,1,Standard Value,1,143.65671641791045,Mid
Lexus,GS 200t,241.0,31.0,49797.5,10.815740142077185,-0.41589475473645826,0.6076391567912806,0.17121939911525164,0.2243089842202668,1,Standard Value,1,206.6286307053942,High
Lexus,GS 350,311.0,27.0,50850.0,10.836655066966722,0.11630777088541042,-0.033678673014973105,0.20291592094257507,-0.0772958853271124,0,High Value,1,163.5048231511254,Mid
Lexus,GS 450h,338.0,34.0,61330.0,11.02404070372108,0.32158588791098836,1.0886275291459708,0.48689843375966774,-0.09989584871425983,1,Standard Value,1,181.44970414201183,High
Lexus,GS 460,342.0,24.0,54720.0,10.91000282698325,0.35199746080366656,-0.5146670453696633,0.31407428697200457,-0.1051014775302761,0,High Value,1,160.0,Mid
Lexus,GS F,467.0,24.0,84440.0,11.343808344620697,1.3023591136998607,-0.5146670453696633,0.9715055773653779,-0.1268961613188413,0,High Value,0,180.813704496788,High
Lexus,GX 460,301.0,20.0,56197.5,10.936645345134128,0.04027883865371489,-1.155984875175917,0.35445096355890543,0.15872016816858014,0,High Value,1,186.70265780730898,High
Lexus,HS 250h,187.0,34.0,37225.0,10.524762720858279,-0.8264509887876141,1.0886275291459708,-0.2697562310452641,0.266542732721593,1,Standard Value,2,199.06417112299465,High
Lexus,IS 200t,241.0,32.5,37575.0,10.53412082770683,-0.41589475473645826,0.8481333429686256,-0.25557404107546206,-0.07621610418746272,1,Standard Value,2,155.91286307053943,Mid
Lexus,IS 250,204.0,28.5,38080.0,10.547470749064702,-0.6972018039937318,0.206815513162372,-0.23534226515717907,0.23131657433596686,1,Standard Value,1,186.66666666666666,High
Lexus,IS 250 C,204.0,30.0,42860.0,10.665717600533268,-0.6972018039937318,0.44730969933971715,-0.05613942659184901,0.330657651767158,1,Standard Value,1,210.09803921568627,High
Lexus,IS 300,255.0,26.0,39950.0,10.595408982170255,-0.30945424961208456,-0.19400813046653653,-0.16269198025208584,-0.015586139677269628,0,High Value,1,156.66666666666666,Mid
Lexus,IS 350,306.0,27.0,41360.0,10.63009368683974,0.07829330476956266,-0.033678673014973105,-0.110127388008173,-0.2601531158913115,0,High Value,1,135.16339869281046,Low
Lexus,IS 350 C,306.0,27.0,47140.0,10.760898389671993,0.07829330476956266,-0.033678673014973105,0.08810684617323948,-0.12934841305905742,0,High Value,1,154.05228758169935,Mid
Lexus,IS F,416.0,23.0,61750.0,11.030865448691081,0.9146115593182135,-0.6749965028212268,0.49724131947644834,-0.2581042412623358,0,High Value,1,148.4375,Mid
Lexus,LS 460,373.0,23.5,78820.0,11.274934737803758,0.5876871507219227,-0.5948317740954451,0.8671277804892464,0.1392334063939238,0,High Value,1,211.313672922252,High
Lexus,LS 600h L,438.0,23.0,120440.0,11.698915285450607,1.0818752102279436,-0.6749965028212268,1.5096693508666716,0.33457691010731594,2,Overpriced / Low Value,0,274.9771689497717,High
Lexus,LX 570,383.0,18.0,88880.0,11.395053675375332,0.6637160829536183,-1.476643790079044,1.0491677613508084,0.2899804117752556,2,Overpriced / Low Value,0,232.0626631853786,High
Lexus,NX 200t,235.0,28.0,36532.5,10.505984926861332,-0.4615121140754756,0.1266507844365903,-0.2982139357913593,-0.010762628860796042,1,Standard Value,1,155.45744680851064,Mid
Lexus,NX 300h,194.0,30.0,39720.0,10.589635294075828,-0.7732307362254273,0.44730969933971715,-0.1714419916279681,0.3280839829523394,1,Standard Value,2,204.7422680412371,High
Lexus,RC 200t,241.0,32.0,40075.0,10.598532930379154,-0.41589475473645826,0.767968614242844,-0.15795764373814908,-0.00550207683601478,1,Standard Value,2,166.2863070539419,Mid
Lexus,RC 300,255.0,26.0,42690.0,10.661743404167277,-0.30945424961208456,-0.19400813046653653,-0.06216231228357502,0.050748282319752036,0,High Value,1,167.41176470588235,Mid
Lexus,RC 350,306.0,27.0,44012.5,10.692251684023143,0.07829330476956266,-0.033678673014973105,-0.015927082490839364,-0.1979951187079081,0,High Value,1,143.83169934640523,Mid
Lexus,RC F,467.0,25.0,62805.0,11.047805889293775,1.3023591136998607,-0.35433758791809994,0.52291451926864,-0.43550246600401366,0,High Value,1,134.48608137044968,Low
Lexus,RX 350,295.0,26.0,44420.0,10.701467609576829,-0.005338520685302426,-0.19400813046653653,-0.001960367954965381,-0.12263307785693378,0,High Value,1,150.57627118644066,Mid
Lexus,RX 450h,308.0,28.0,53035.0,10.87872620723461,0.09349909121590176,0.1266507844365903,0.26667463979260614,-0.0336522571327702,0,High Value,1,172.19155844155844,Mid
Lexus,SC 430,288.0,23.0,68405.0,11.133215819061775,-0.058558773247489294,-0.6749965028212268,0.6523530765410069,0.38204877265059345,2,Overpriced / Low Value,1,237.51736111111111,High
Lincoln,Continental,305.0,25.5,51715.0,10.853522490374443,0.0706904115463931,-0.2741728591923182,0.22847846333932043,-0.013031254135942305,0,High Value,1,169.55737704918033,Mid
Lincoln,MKC,240.0,27.0,39535.0,10.584966928228392,-0.42349764795962785,-0.033678673014973105,-0.1785168896141056,0.050032315909488645,1,Standard Value,1,164.72916666666666,Mid
Lincoln,MKS,350.0,26.0,40845.0,10.617564176277103,0.412820606589023,-0.19400813046653653,-0.12911583320373587,-0.4565646864253381,0,High Value,1,116.7,Low
Lincoln,MKT,334.0,23.5,44367.5,10.7002850371754,0.29117431501831015,-0.5948317740954451,-0.0037525537807461206,-0.2739000102697382,0,High Value,1,132.8368263473054,Low
Lincoln,MKX,303.0,25.5,44045.0,10.692989821338836,0.055484625100053996,-0.2741728591923182,-0.014808437042098836,-0.1639420857552345,0,High Value,1,145.36303630363037,Mid
Lincoln,MKZ,231.0,32.0,39080.0,10.573391694365673,-0.4919236869681538,0.767968614242844,-0.19605913060821828,0.03133689456582367,1,Standard Value,2,169.17748917748918,Mid
Lincoln,MKZ Hybrid,191.0,36.0,34645.0,10.452937557838887,-0.7960394158949359,1.4092864440490975,-0.3786071047356666,0.13855603805316363,1,Standard Value,2,181.38743455497382,High
Lincoln,Navigator,380.0,20.0,68177.5,11.129884544863195,0.6409074032841096,-1.155984875175917,0.6473045379540526,0.011104407307412245,0,High Value,1,179.41447368421052,High
Lincoln,Town Car,239.0,24.0,49910.0,10.817996698327853,-0.4311005411827974,-0.5146670453696633,0.17463920505917144,0.3269801732773914,1,Standard Value,1,208.8284518828452,High
Lotus,Elise,217.0,26.0,54990.0,10.91492481446108,-0.5983641920925276,-0.19400813046653653,0.32153354797097267,0.5399300089395602,1,Standard Value,1,253.41013824884791,High
Lotus,Evora,276.0,26.0,69365.0,11.147152112903377,-0.14979349192552394,-0.19400813046653653,0.673473498645097,0.42041755085596577,1,Standard Value,1,251.32246376811594,High
Lotus,Evora 400,400.0,39.0,91900.0,11.428467189677395,0.7929652677475006,1.890274816403788,1.099805867439957,-0.004803247455445359,1,Standard Value,1,229.75,High
Lotus,Exige,248.5,26.0,68220.0,11.130507714323134,-0.3588730555626866,-0.19400813046653653,0.6482489498748885,0.5572757274755151,1,Standard Value,1,274.5271629778672,High
Maserati,Ghibli,404.0,24.0,76625.0,11.246691723724316,0.8233768406401788,-0.5146670453696633,0.8243255559072081,-0.012073471332911367,0,High Value,1,189.66584158415841,High
Maserati,GranTurismo,454.0,21.0,146985.0,11.8980926231302,1.2035215017986565,-0.9956554177243536,1.8115221600263036,0.5064894480621085,2,Overpriced / Low Value,0,323.75550660792953,High
Maserati,GranTurismo Convertible,454.0,20.0,150465.0,11.921492424027479,1.2035215017986565,-1.155984875175917,1.846984505878029,0.5424930983176353,2,Overpriced / Low Value,0,331.42070484581495,High
Maserati,Levante,384.5,19.5,77500.0,11.258046118484,0.6751204227883726,-1.2361496039016988,0.8415331157352809,0.128350406419532,0,High Value,0,201.56046814044214,High
Maserati,Quattroporte,404.0,23.0,109700.0,11.605513761992055,0.8233768406401788,-0.6749965028212268,1.368119551254898,0.3593524162930777,2,Overpriced / Low Value,0,271.53465346534654,High
Mazda,2,100.0,34.5,15790.0,9.667195436466644,-1.4879026992033653,1.1687922578717524,-1.5693975298632343,0.31811724952636133,1,Standard Value,2,157.9,Mid
Mazda,3,155.0,39.0,22545.0,10.023312945604477,-1.0697435719290398,1.890274816403788,-1.0297022423546327,-0.023436540821638374,1,Standard Value,2,145.4516129032258,Mid
Mazda,5,157.0,28.0,22070.0,10.002019808600375,-1.0545377854827007,0.1266507844365903,-1.0619719437945054,0.07516222864229682,1,Standard Value,2,140.57324840764332,Mid
Mazda,6,184.0,37.0,23945.0,10.08355657427679,-0.8492596684571228,1.569615901500661,-0.938403158028282,-0.1888219286716808,1,Standard Value,2,130.1358695652174,Low
Mazda,CX-3,146.0,33.0,22585.0,10.025085524283616,-1.1381696109375659,0.9282980716944074,-1.027015903336409,0.14144452143773556,1,Standard Value,2,154.6917808219178,Mid
Mazda,CX-5,184.0,32.0,24965.0,10.125270178210997,-0.8492596684571228,0.767968614242844,-0.8751862846911767,-0.084089077946226,1,Standard Value,2,135.67934782608697,Low
Mazda,CX-7,244.0,24.5,26522.5,10.18578641145902,-0.39308607506694965,-0.43450231664388167,-0.7834740687408832,-0.34181291317870155,0,High Value,1,108.69877049180327,Low
Mazda,CX-9,273.0,24.0,34070.0,10.436201861559756,-0.17260217159503258,-0.5146670453696633,-0.4039700149640608,-0.24934108297822632,0,High Value,1,124.7985347985348,Low
Mazda,MX-5 Miata,158.0,28.0,28650.0,10.262943625547717,-1.0469348922595312,0.1266507844365903,-0.6665424835970458,0.3268002111433699,1,Standard Value,2,181.32911392405063,High
Mazda,Mazdaspeed 3,263.0,25.0,24000.0,10.085850775128717,-0.24863110382672812,-0.35433758791809994,-0.9349263017754643,-0.5577182674679904,0,High Value,1,91.25475285171103,Low
Mazda,RX-8,232.0,22.0,32125.0,10.377420950117711,-0.48432079374498427,-0.8353259602727902,-0.49305235460396074,-0.04491292105116962,0,High Value,1,138.4698275862069,Low
Mazda,Tribute,171.0,26.0,25420.0,10.143330883072752,-0.948097280358327,-0.19400813046653653,-0.847815326923413,0.1167563438829422,1,Standard Value,1,148.6549707602339,Mid
McLaren,570S,562.0,23.0,184900.0,12.127575825689417,2.024633969900968,-0.6749965028212268,2.159303439535522,0.39865765831615896,2,Overpriced / Low Value,0,329.0035587188612,High
McLaren,650S Coupe,641.0,22.0,265500.0,12.48937388613538,2.625262534531363,-0.8353259602727902,2.707607589828969,0.5806985998609377,2,Overpriced / Low Value,0,414.1965678627145,High
McLaren,650S Spider,641.0,22.0,280225.0,12.543351699443907,2.625262534531363,-0.8353259602727902,2.789410845004932,0.6346764131694638,2,Overpriced / Low Value,0,437.1684867394696,High
McLaren,MP4-12C,604.0,22.0,234200.0,12.363934999991463,2.3439554852740896,-0.8353259602727902,2.5175052388210095,0.5422138630788993,2,Overpriced / Low Value,0,387.74834437086093,High
Mercedes-Benz,AMG GT,503.0,22.0,129900.0,11.774527900858468,1.5760632697339645,-0.8353259602727902,1.6242601001691117,0.22042346865145213,2,Overpriced / Low Value,0,258.25049701789266,High
Mercedes-Benz,C-Class,241.0,31.0,43125.0,10.671881342470611,-0.41589475473645826,0.6076391567912806,-0.046798289490624895,0.08045018461369224,1,Standard Value,1,178.94190871369295,High
Mercedes-Benz,CL-Class,523.0,20.0,156650.0,11.961775680017798,1.7281211341973557,-1.155984875175917,1.908033690109696,0.3758536327519568,2,Overpriced / Low Value,0,299.52198852772466,High
Mercedes-Benz,CLA-Class,208.0,32.0,34050.0,10.435614679722034,-0.6667902311010535,0.767968614242844,-0.40485988772402703,0.046947809584588995,1,Standard Value,2,163.70192307692307,Mid
Mercedes-Benz,CLS-Class,402.0,26.0,74850.0,11.22325474981197,0.8081710541938397,-0.19400813046653653,0.788806874434403,-0.05345999500962151,0,High Value,1,186.19402985074626,High
Mercedes-Benz,E-Class,329.0,28.0,59400.0,10.992066340225865,0.25315984890246235,0.1266507844365903,0.438441357495057,-0.0167765762489136,0,High Value,1,180.54711246200608,High
Mercedes-Benz,G-Class,536.0,14.0,137100.0,11.82847315946983,1.82695874609856,-2.1179616198852975,1.7060140187744353,0.2822655449467053,2,Overpriced / Low Value,0,255.78358208955223,High
Mercedes-Benz,GL-Class,395.5,18.5,76900.0,11.250274159310356,0.7587522482432376,-1.396479061353262,0.829754729014337,0.09192916640570381,0,High Value,0,194.43742098609354,High
Mercedes-Benz,GLA-Class,208.0,32.0,34500.0,10.448743588106625,-0.6667902311010535,0.767968614242844,-0.38496305647175266,0.06007671796917968,1,Standard Value,2,165.8653846153846,Mid
Mercedes-Benz,GLC-Class,241.0,28.0,40050.0,10.597908920973804,-0.41589475473645826,0.1266507844365903,-0.15890332859437406,0.04428931119163515,1,Standard Value,1,166.1825726141079,Mid
Mercedes-Benz,GLE-Class,329.0,22.0,64600.0,11.075985169527042,0.25315984890246235,-0.8353259602727902,0.5656201553495451,0.14276534920176154,0,High Value,1,196.35258358662614,High
Mercedes-Benz,GLE-Class Coupe,469.5,20.5,89475.0,11.401725711878003,1.3213663467577845,-1.0758201464501354,1.05927921772737,-0.03267374355142394,0,High Value,0,190.57507987220447,High
Mercedes-Benz,GLK-Class,302.0,25.0,38980.0,10.57082962691412,0.047881731876884444,-0.35433758791809994,-0.1999419380928318,-0.2749655940329738,0,High Value,1,129.0728476821192,Low
Mercedes-Benz,GLS-Class,449.0,18.0,93850.0,11.4494636972589,1.1655070356828088,-1.476643790079044,1.1316260276542376,0.11186840425270184,2,Overpriced / Low Value,0,209.02004454342983,High
Mercedes-Benz,M-Class,302.0,22.0,51270.0,10.844880569171112,0.047881731876884444,-0.8353259602727902,0.2153816511108226,0.03689689629876547,0,High Value,1,169.7682119205298,Mid
Mercedes-Benz,Maybach,523.0,20.5,190325.0,12.156493670331107,1.7281211341973557,-1.0758201464501354,2.2031283683232425,0.564269698386143,2,Overpriced / Low Value,0,363.91013384321224,High
Mercedes-Benz,Metris,208.0,23.5,30725.0,10.332864480690604,-0.6667902311010535,-0.5948317740954451,-0.5605775842284426,0.05133033009828125,0,High Value,1,147.71634615384616,Mid
Mercedes-Benz,R-Class,239.0,22.0,51270.0,10.844880569171112,-0.4311005411827974,-0.8353259602727902,0.2153816511108226,0.37907174283714795,1,Standard Value,1,214.51882845188285,High
Mercedes-Benz,S-Class,550.0,23.0,152800.0,11.93689170019576,1.9333992512229337,-0.6749965028212268,1.8703220744215863,0.23953980881764814,2,Overpriced / Low Value,0,277.8181818181818,High
Mercedes-Benz,SL-Class,503.0,25.0,129050.0,11.767962954051258,1.5760632697339645,-0.35433758791809994,1.6143109379861753,0.17604697376949474,2,Overpriced / Low Value,0,256.5606361829026,High
Mercedes-Benz,SLC-Class,301.5,30.5,54125.0,10.899069940884694,0.04408028526529967,0.5274744280654988,0.29750552257582424,-0.01362306404849356,1,Standard Value,1,179.5190713101161,High
Mercedes-Benz,SLK-Class,302.0,29.0,57650.0,10.962162871600537,0.047881731876884444,0.28698024188815374,0.39312271776761704,0.06595225322044307,1,Standard Value,1,190.89403973509934,High
Mercedes-Benz,SLS AMG,563.0,20.0,189600.0,12.152677143050752,2.0322368631241376,-1.155984875175917,2.1973444297776696,0.45897049815700086,2,Overpriced / Low Value,0,336.76731793960926,High
Mercedes-Benz,SLS AMG GT,583.0,19.0,206000.0,12.235636302128867,2.184294727587529,-1.3163143326274804,2.323068849558462,0.5034807135806787,2,Overpriced / Low Value,0,353.34476843910807,High
Mercedes-Benz,SLS AMG GT Final Edition,583.0,19.0,224830.0,12.323104287850166,2.184294727587529,-1.3163143326274804,2.4556263860186633,0.5909486993019772,2,Overpriced / Low Value,0,385.64322469982847,High
Mitsubishi,Eclipse,162.0,28.0,24699.0,10.114558522616068,-1.016523319366853,0.1266507844365903,-0.8914197747545939,0.1418503534146982,1,Standard Value,2,152.46296296296296,Mid
Mitsubishi,Eclipse Spyder,162.0,26.0,28299.0,10.25061708363133,-1.016523319366853,-0.19400813046653653,-0.6852233302638031,0.3031166131464573,1,Standard Value,1,174.6851851851852,High
Mitsubishi,Endeavor,225.0,21.0,30749.0,10.333645273234664,-0.5375410463071711,-0.9956554177243536,-0.559394294876647,-0.031277751448625324,0,High Value,1,136.66222222222223,Low
Mitsubishi,Galant,160.0,30.0,22949.0,10.04107321548869,-1.031729105813192,0.44730969933971715,-1.0027865931224542,0.06132545713472837,1,Standard Value,2,143.43125,Mid
Mitsubishi,Lancer,168.0,31.0,20795.0,9.942515939503606,-0.9709059600278357,0.6076391567912806,-1.152149924140946,-0.12119196696072798,1,Standard Value,2,123.7797619047619,Low
Mitsubishi,Lancer Evolution,291.0,23.0,37895.0,10.542600844603587,-0.03575009357798064,-0.6749965028212268,-0.24272259446096428,-0.22372192305184235,0,High Value,1,130.2233676975945,Low
Mitsubishi,Lancer Sportback,158.0,30.5,19970.0,9.902036500268814,-1.0469348922595312,0.5274744280654988,-1.2134964236402237,-0.0656165375311577,1,Standard Value,2,126.39240506329114,Low
Mitsubishi,Mirage,74.0,43.0,14245.0,9.564231444538299,-1.6855779230057737,2.5315926462100413,-1.7254392290240963,0.5483909553743409,1,Standard Value,2,192.5,High
Mitsubishi,Mirage G4,78.0,42.0,15195.0,9.628787514307517,-1.6551663501130953,2.371263188758478,-1.62760464987388,0.548558676628323,1,Standard Value,2,194.80769230769232,High
Mitsubishi,Outlander,166.0,29.5,25245.0,10.136423006312807,-0.9861117464741748,0.3671449706139354,-0.8582841986816656,0.10913622110366461,1,Standard Value,2,152.07831325301206,Mid
Mitsubishi,Outlander Sport,168.0,28.0,22695.0,10.029943976488687,-0.9709059600278357,0.1266507844365903,-1.0196529299010102,0.004047618099102479,1,Standard Value,2,135.08928571428572,Low
Nissan,370Z,332.0,26.0,41820.0,10.641153884700563,0.275968528571971,-0.19400813046653653,-0.09336568292141537,-0.35575689179492365,0,High Value,1,125.96385542168674,Low
Nissan,Altima,182.0,37.5,26920.0,10.200661930171254,-0.8644654549034619,1.6497806302264428,-0.7609302534489162,-0.062034578663409334,1,Standard Value,2,147.9120879120879,Mid
Nissan,Altima Hybrid,178.0,33.0,26790.0,10.19582128920296,-0.8948770277961401,0.9282980716944074,-0.7682662339948708,0.022343751421633584,1,Standard Value,2,150.5056179775281,Mid
Nissan,Armada,317.0,18.5,48725.0,10.793968047510466,0.16192513022442773,-1.396479061353262,0.13822383856194528,-0.04079716322757321,0,High Value,1,153.70662460567823,Mid
Nissan,Cube,122.0,31.0,17670.0,9.779680156808055,-1.320639048293635,0.6076391567912806,-1.3989271881157683,0.18389327538193,1,Standard Value,2,144.8360655737705,Mid
Nissan,Frontier,261.0,21.5,26635.0,10.190018963230512,-0.2638368902730672,-0.9154906889985719,-0.7770596460107542,-0.39827232329840356,0,High Value,1,102.04980842911877,Low
Nissan,GT-R,545.0,22.5,111510.0,11.621878519724776,1.8953847851070857,-0.7551612315470084,1.3929203049469914,-0.055815061797341414,0,High Value,0,204.60550458715596,High
Nissan,Juke,188.0,31.0,25035.0,10.128070068044591,-0.8188480955644446,0.6076391567912806,-0.8709430579192251,-0.10013846523787251,1,Standard Value,2,133.16489361702128,Low
Nissan,Maxima,300.0,30.0,35790.0,10.485451744135313,0.03267594543054534,0.44730969933971715,-0.32933192822485313,-0.4136449867727521,0,High Value,1,119.3,Low
Nissan,Murano,260.0,28.0,37130.0,10.522207479208133,-0.27143978349623676,0.1266507844365903,-0.27362869404313334,-0.14239456401072736,0,High Value,1,142.80769230769232,Mid
Nissan,Murano CrossCabriolet,265.0,22.0,44540.0,10.704165392288106,-0.23342531738038902,-0.8353259602727902,0.002128115701800415,0.08732819316823992,0,High Value,1,168.0754716981132,Mid
Nissan,NV200,131.0,26.0,21520.0,9.976784481597585,-1.2522130092851091,-0.19400813046653653,-1.100216025348139,0.3399205423718481,1,Standard Value,2,164.27480916030535,Mid
Nissan,Pathfinder,260.0,26.5,34750.0,10.455963627557306,-0.27143978349623676,-0.11384340174075482,-0.37402110285483386,-0.1897326416241789,0,High Value,1,133.65384615384616,Low
Nissan,Quest,260.0,27.0,32145.0,10.378043305129086,-0.27143978349623676,-0.033678673014973105,-0.49210917697809914,-0.27395488873152374,0,High Value,1,123.63461538461539,Low
Nissan,Rogue,170.0,32.5,25205.0,10.134837340397437,-0.9557001735814965,0.8481333429686256,-0.8606872718250215,0.034915599760978466,1,Standard Value,2,148.26470588235293,Mid
Nissan,Rogue Select,170.0,27.5,20825.0,9.943957485089841,-0.9557001735814965,0.0464860557108086,-1.1499652650336092,-0.09294500875537004,1,Standard Value,2,122.5,Low
Nissan,Sentra,130.0,38.0,18550.0,9.828278974938373,-1.2598159025082787,1.7299453589522245,-1.3252757880851445,0.05137590217723442,1,Standard Value,2,142.69230769230768,Mid
Nissan,Titan,317.0,18.0,36990.0,10.518429918794682,0.16192513022442773,-1.476643790079044,-0.27935357838918506,-0.31003336726423214,0,High Value,1,116.68769716088327,Low
Nissan,Versa,109.0,39.0,14085.0,9.552936675305356,-1.4194766601948392,1.890274816403788,-1.742556426499937,0.021105077966968366,1,Standard Value,2,129.22018348623854,Low
Nissan,Versa Note,109.0,40.0,16955.0,9.738377032472528,-1.4194766601948392,2.050604273855351,-1.4615219805404185,0.19394158577589238,1,Standard Value,2,155.55045871559633,Mid
Nissan,Xterra,261.0,20.0,26300.0,10.177362240256695,-0.2638368902730672,-1.155984875175917,-0.7962408813305466,-0.39202327223484623,0,High Value,1,100.76628352490421,Low
Pontiac,G6,164.0,30.0,21275.0,9.965334955862208,-1.001317532920514,0.44730969933971715,-1.1175677559568133,-0.05052609440137523,1,Standard Value,2,129.72560975609755,Low
Pontiac,Vibe,158.0,28.0,18860.0,9.844851577051172,-1.0469348922595312,0.1266507844365903,-1.3001600467005479,-0.09129183735317525,1,Standard Value,2,119.36708860759494,Low
Porsche,718 Cayman,325.0,27.0,60100.0,11.003781759319981,0.22274827600978417,-0.033678673014973105,0.4561960488933835,0.025432994944956988,0,High Value,1,184.92307692307693,High
Porsche,911,410.0,26.0,114950.0,11.652261229588024,0.8689941999791961,-0.19400813046653653,1.4389652336971523,0.34672754220280844,2,Overpriced / Low Value,0,280.3658536585366,High
Porsche,Boxster,315.0,28.0,62700.0,11.046132675457146,0.14671934377808862,0.1266507844365903,0.5203787674466953,0.10088734451345793,1,Standard Value,1,199.04761904761904,High
Porsche,Cayenne,430.0,23.5,85850.0,11.360368514481427,1.0210520644425871,-0.5948317740954451,0.9966024776998088,0.01668776147443829,0,High Value,0,199.65116279069767,High
Porsche,Cayman,325.0,28.0,63800.0,11.063524143191238,0.22274827600978417,0.1266507844365903,0.5467354978463629,0.07257152945796541,0,High Value,1,196.30769230769232,High
Porsche,Macan,350.0,23.0,60800.0,11.015361515187424,0.412820606589023,-0.6749965028212268,0.4737451429755282,-0.020955799440267597,0,High Value,1,173.71428571428572,High
Porsche,Panamera,420.0,26.0,113400.0,11.638685488579059,0.9450231322108916,-0.19400813046653653,1.4183912286034004,0.29790879435134165,2,Overpriced / Low Value,0,270.0,High
Rolls-Royce,Ghost,563.0,21.0,276600.0,12.530331313535255,2.0322368631241376,-0.9956554177243536,2.7696784793218874,0.8240208192832537,2,Overpriced / Low Value,0,491.2966252220249,High
Rolls-Royce,Wraith,624.0,21.0,294025.0,12.591423477784792,2.4960133497374803,-0.9956554177243536,2.8622635174150726,0.7346630845081847,2,Overpriced / Low Value,0,471.1939102564103,High
Saab,9-3,208.5,27.0,36975.0,10.518024332514162,-0.6629887844894687,-0.033678673014973105,-0.2799682434889289,0.18886526927672165,1,Standard Value,1,177.33812949640287,High
Saab,9-3 Griffin,220.0,29.5,34975.0,10.462417390976265,-0.575555512423019,0.3671449706139354,-0.3642404388477762,0.02322851332415965,1,Standard Value,1,158.97727272727272,Mid
Saab,9-4X,265.0,23.0,37250.0,10.525434069084952,-0.23342531738038902,-0.6749965028212268,-0.2687388043113475,-0.10400697939316395,0,High Value,1,140.56603773584905,Mid
Saab,9-5,300.0,27.0,48030.0,10.779601914762763,0.03267594543054534,-0.033678673014973105,0.11645199655836208,-0.08168326807055415,0,High Value,1,160.1,Mid
Scion,FR-S,200.0,32.0,26902.5,10.200011668650324,-0.7276133768864099,0.767968614242844,-0.7619157233275063,-0.13129435893455188,1,Standard Value,2,134.5125,Low
Scion,iA,106.0,41.5,16250.0,9.69590972432601,-1.4422853398643478,2.2910984600326962,-1.525881090923224,0.17338549727490538,1,Standard Value,2,153.30188679245282,Mid
Scion,iM,137.0,36.5,18830.0,9.843259726985641,-1.2065956499460917,1.4894511727748794,-1.302572491909622,0.008558723142483515,1,Standard Value,2,137.44525547445255,Low
Scion,iQ,94.0,37.0,15665.0,9.659248037927183,-1.5335200585423825,1.569615901500661,-1.5814417945501458,0.3691538725354402,1,Standard Value,2,166.64893617021278,Mid
Scion,tC,179.0,31.0,21420.0,9.972127028252816,-0.8872741345729706,0.6076391567912806,-1.1072743854609253,-0.18433618805149798,1,Standard Value,2,119.66480446927375,Low
Scion,xB,158.0,28.0,17995.0,9.797904789961063,-1.0469348922595312,0.1266507844365903,-1.3713077973897587,-0.13823862444328405,1,Standard Value,2,113.89240506329114,Low
Scion,xD,128.0,33.0,16397.5,9.704945146214623,-1.2750216889546178,0.9282980716944074,-1.512187929287497,0.01373641030032502,1,Standard Value,2,128.10546875,Low
Subaru,BRZ,200.0,30.0,27692.5,10.228953007599447,-0.7276133768864099,0.44730969933971715,-0.7180551889694914,-0.07714532126892948,1,Standard Value,2,138.4625,Low
Subaru,Crosstrek,148.0,33.0,23445.0,10.062455183631773,-1.1229638244912268,0.9282980716944074,-0.9703822682904112,0.15891572401009313,1,Standard Value,2,158.41216216216216,Mid
Subaru,Forester,170.0,30.5,27045.0,10.205294399033304,-0.9557001735814965,0.5274744280654988,-0.7539097572637333,0.13058035711334348,1,Standard Value,2,159.08823529411765,Mid
Subaru,Impreza,148.0,37.0,21345.0,9.96861964747391,-1.1229638244912268,1.569615901500661,-1.112589813175942,0.014664790419233853,1,Standard Value,2,144.22297297297297,Mid
Subaru,Impreza WRX,265.0,25.0,29295.0,10.285206266914292,-0.23342531738038902,-0.35433758791809994,-0.632803500467226,-0.36944248028032334,0,High Value,1,110.54716981132076,Low
Subaru,Legacy,175.0,36.0,24145.0,10.091874013892333,-0.9176857074656488,1.4092864440490975,-0.9257980969193407,-0.09455587835238788,1,Standard Value,2,137.97142857142856,Low
Subaru,Outback,175.0,33.0,28845.0,10.269726614143455,-0.9176857074656488,0.9282980716944074,-0.6562628795719387,0.12110826997348312,1,Standard Value,2,164.82857142857142,Mid
Subaru,Tribeca,256.0,21.0,32595.0,10.39194486044011,-0.30185135638891497,-0.9956554177243536,-0.47104140103929737,-0.16175514721541084,0,High Value,1,127.32421875,Low
Subaru,WRX,268.0,24.0,30995.0,10.34161344288384,-0.21061663771088035,-0.5146670453696633,-0.5473185516194821,-0.31689520118156267,0,High Value,1,115.65298507462687,Low
Subaru,XV Crosstrek,148.0,33.0,23895.0,10.081466359895945,-1.1229638244912268,0.9282980716944074,-0.9415708732410376,0.17792690027426517,1,Standard Value,2,161.4527027027027,Mid
Suzuki,Equator,261.0,20.0,25279.0,10.137768848260794,-0.2638368902730672,-1.155984875175917,-0.8562445782237478,-0.43161666423074685,0,High Value,1,96.8544061302682,Low
Suzuki,Grand Vitara,166.0,25.0,22874.0,10.037799890143722,-0.9861117464741748,-0.35433758791809994,-1.0077473103515484,0.06723042704670235,1,Standard Value,1,137.79518072289156,Low
Suzuki,Kizashi,180.0,29.5,23774.0,10.07638988741359,-0.879671241349801,0.3671449706139354,-0.9492642559183644,-0.06931528630040873,1,Standard Value,2,132.07777777777778,Low
Suzuki,SX4,148.0,30.0,17849.0,9.789758787207784,-1.1229638244912268,0.44730969933971715,-1.3836530463179009,-0.07596912433914582,1,Standard Value,2,120.60135135135135,Low
Toyota,4Runner,270.0,22.0,37720.0,10.537972247530657,-0.19541085126454125,-0.8353259602727902,-0.2497372229584067,-0.10620245803615802,0,High Value,1,139.7037037037037,Low
Toyota,86,202.5,30.0,26615.0,10.189267817698312,-0.7086061438284861,0.44730969933971715,-0.7781980053824775,-0.13499862073397217,1,Standard Value,2,131.4320987654321,Low
Toyota,Avalon,268.0,31.0,36080.0,10.493521689978726,-0.21061663771088035,0.6076391567912806,-0.31710194337326847,-0.2532138995944244,1,Standard Value,1,134.62686567164178,Low
Toyota,Avalon Hybrid,200.0,39.0,38100.0,10.547995807489514,-0.7276133768864099,1.890274816403788,-0.23454654029034114,0.1284628343968901,1,Standard Value,2,190.5,High
Toyota,Camry,178.0,33.0,26230.0,10.174697196419377,-0.8948770277961401,0.9282980716944074,-0.800279749297153,0.0012196586380497365,1,Standard Value,2,147.35955056179776,Mid
Toyota,Camry Hybrid,200.0,38.0,27995.0,10.23981692180943,-0.7276133768864099,1.7299453589522245,-0.7015909513159696,-0.1671122019249438,1,Standard Value,2,139.975,Mid
Toyota,Corolla,132.0,37.0,19865.0,9.8967650067753,-1.2446101160619396,1.569615901500661,-1.2214853602231766,0.11013689145126548,1,Standard Value,2,150.49242424242425,Mid
Toyota,Corolla iM,137.0,35.5,19120.0,9.85854248649296,-1.2065956499460917,1.329121715323316,-1.2794115041047942,0.03644533200805178,1,Standard Value,2,139.56204379562044,Low
Toyota,FJ Cruiser,260.0,20.0,27705.0,10.229404275217824,-0.27143978349623676,-1.155984875175917,-0.7173712939045365,-0.3343669731350385,0,High Value,1,106.5576923076923,Low
Toyota,Highlander,270.0,25.0,36952.5,10.517415644488551,-0.19541085126454125,-0.35433758791809994,-0.28089070882847555,-0.1645706091530137,0,High Value,1,136.86111111111111,Low
Toyota,Highlander Hybrid,280.0,28.0,48830.0,10.796120636059609,-0.11938191903284572,0.1266507844365903,0.141486081687058,0.023134645155082012,1,Standard Value,1,174.39285714285714,High
Toyota,Land Cruiser,381.0,18.0,83825.0,11.336498500878541,0.6485102965072791,-1.476643790079044,0.9604275255458615,0.23908239619448501,2,Overpriced / Low Value,0,220.01312335958005,High
Toyota,Matrix,158.0,29.0,20115.0,9.909270797291855,-1.0469348922595312,0.28698024188815374,-1.2025328627043257,-0.039476466470741656,1,Standard Value,2,127.31012658227849,Low
Toyota,Prius,121.0,50.0,26860.0,10.198430699466112,-1.3282419415168045,3.6538988483709853,-0.7643116785853131,0.37520790054725417,1,Standard Value,2,221.98347107438016,High
Toyota,Prius Prime,121.0,53.0,28800.0,10.268165387743457,-1.3282419415168045,4.134887220725676,-0.6586289146844858,0.4071310407498512,1,Standard Value,2,238.01652892561984,High
Toyota,Prius c,99.0,46.0,21355.0,9.969088009620076,-1.4955055924265348,3.012581018564732,-1.1118800113924079,0.4897643120723245,1,Standard Value,2,215.7070707070707,High
Toyota,Prius v,134.0,40.0,28877.5,10.27085265259971,-1.2294043296156005,2.050604273855351,-0.65455637081345,0.42441988284253185,1,Standard Value,2,215.5037313432836,High
Toyota,RAV4,176.0,29.0,28340.0,10.252064798437244,-0.9100828142424792,0.28698024188815374,-0.6830293217178595,0.14552841597867783,1,Standard Value,2,161.02272727272728,Mid
Toyota,RAV4 Hybrid,194.0,30.0,32185.0,10.37928685437844,-0.7732307362254273,0.44730969933971715,-0.4902245808758572,0.11773554325495184,1,Standard Value,2,165.9020618556701,Mid
Toyota,Sequoia,381.0,17.0,56580.0,10.943428518789158,0.6485102965072791,-1.6369732475306074,0.36473084804095557,-0.14138373653664793,0,High Value,1,148.50393700787401,Mid
Toyota,Sienna,266.0,25.0,38455.0,10.557270009573797,-0.22582242415721945,-0.35433758791809994,-0.22049150780286864,-0.10288727148566501,0,High Value,1,144.56766917293234,Mid
Toyota,Tacoma,278.0,23.0,29690.0,10.2985992485648,-0.13458770547918483,-0.6749965028212268,-0.6125064667718938,-0.4008834792401714,0,High Value,1,106.79856115107914,Low
Toyota,Tundra,381.0,17.0,35040.0,10.464274083455889,0.6485102965072791,-1.6369732475306074,-0.36142662555330585,-0.6205381718699172,0,High Value,1,91.96850393700787,Low
Toyota,Venza,268.0,26.0,32960.0,10.403080323368991,-0.21061663771088035,-0.19400813046653653,-0.454165631910469,-0.2806360194129116,0,High Value,1,122.98507462686567,Low
Toyota,Yaris,106.0,36.0,16555.0,9.714503852868623,-1.4422853398643478,1.4092864440490975,-1.4977017307618188,0.2613007972878929,1,Standard Value,2,156.17924528301887,Mid
Toyota,Yaris iA,106.0,39.5,16500.0,9.711176264112805,-1.4422853398643478,1.9704395451295695,-1.5027446840685221,0.2138597357782004,1,Standard Value,2,155.66037735849056,Mid
Volkswagen,Beetle,170.0,33.0,25935.0,10.163387243975457,-0.9557001735814965,0.9282980716944074,-0.8174199568952228,0.05716357865987298,1,Standard Value,2,152.55882352941177,Mid
Volkswagen,Beetle Convertible,170.0,32.0,30497.5,10.325432781058241,-0.9557001735814965,0.767968614242844,-0.571840308376649,0.23181296510090732,1,Standard Value,2,179.39705882352942,High
Volkswagen,CC,200.0,31.0,34655.0,10.453226149800717,-0.7276133768864099,0.6076391567912806,-0.37816974426386724,0.13452397157409024,1,Standard Value,2,173.275,Mid
Volkswagen,Eos,200.0,30.0,38325.0,10.55388379602844,-0.7276133768864099,0.44730969933971715,-0.22562330684681653,0.2477854671600639,1,Standard Value,2,191.625,High
Volkswagen,GLI,200.0,32.5,26245.0,10.175268875456233,-0.7276133768864099,0.8481333429686256,-0.7994133709971767,-0.1623390768077666,1,Standard Value,2,131.225,Low
Volkswagen,GTI,200.0,32.0,28085.0,10.243026510528125,-0.7276133768864099,0.767968614242844,-0.6967268268012435,-0.08827951705675119,1,Standard Value,2,140.425,Mid
Volkswagen,Golf,170.0,36.0,21595.0,9.980263391338177,-0.9557001735814965,1.4092864440490975,-1.094943745427922,-0.1637718220521549,1,Standard Value,2,127.02941176470588,Low
Volkswagen,Golf Alltrack,170.0,30.0,29430.0,10.289803819583309,-0.9557001735814965,0.44730969933971715,-0.6258359196943847,0.22139170234247274,1,Standard Value,2,173.11764705882354,Mid
Volkswagen,Golf GTI,220.0,33.5,28755.0,10.266601720103763,-0.575555512423019,1.008462800420189,-0.6609986494903243,-0.22300255498134192,1,Standard Value,2,130.70454545454547,Low
Volkswagen,Golf R,292.0,30.0,37325.0,10.527445413743076,-0.028147200354811084,0.44730969933971715,-0.2656906159867322,-0.3321215050682742,0,High Value,1,127.82534246575342,Low
Volkswagen,Golf SportWagen,170.0,35.0,26995.0,10.203443985863297,-0.9557001735814965,1.2489569865975343,-0.7567140542785439,0.07201262183121493,1,Standard Value,2,158.7941176470588,Mid
Volkswagen,Jetta,170.0,37.0,22325.0,10.013507197574677,-0.9557001735814965,1.569615901500661,-1.0445628315320423,-0.14313186517390442,1,Standard Value,2,131.3235294117647,Low
Volkswagen,Jetta GLI,210.0,32.5,27487.5,10.22152301437408,-0.6515844446547144,0.8481333429686256,-0.7293153270617169,-0.18744123664204082,1,Standard Value,2,130.89285714285714,Low
Volkswagen,Jetta Hybrid,170.0,48.0,28485.0,10.257168017494532,-0.9557001735814965,3.3332399334678584,-0.6752954046661247,-0.03811338819479637,1,Standard Value,2,167.55882352941177,Mid
Volkswagen,Jetta SportWagen,140.0,39.0,26662.5,10.19105086793657,-1.183786970276583,1.890274816403788,-0.7754957967398627,0.2931599981315145,1,Standard Value,2,190.44642857142858,High
Volkswagen,New Beetle,150.0,28.0,20390.0,9.922848906014748,-1.1077580380448875,0.1266507844365903,-1.18195526934542,0.06269733786339948,1,Standard Value,2,135.93333333333334,Low
Volkswagen,Passat,170.0,36.0,27995.0,10.23981692180943,-0.9557001735814965,1.4092864440490975,-0.7015909513159696,0.09578170841909817,1,Standard Value,2,164.6764705882353,Mid
Volkswagen,Routan,283.0,25.0,34490.0,10.448453699421849,-0.09657323936333706,-0.35433758791809994,-0.3854023821242723,-0.3023071859075763,0,High Value,1,121.87279151943463,Low
Volkswagen,Tiguan,200.0,26.0,31730.0,10.365049399996163,-0.7276133768864099,-0.19400813046653653,-0.5118014111048356,0.10936646856078625,1,Standard Value,1,158.65,Mid
Volkswagen,Touareg,280.0,23.0,52982.5,10.877735823309175,-0.11938191903284572,-0.6749965028212268,0.2651737151717535,0.1677690791958959,0,High Value,1,189.22321428571428,High
Volvo,C30,227.0,29.0,26300.0,10.177362240256695,-0.5223352598608321,0.28698024188815374,-0.7962408813305466,-0.3013342656371769,0,High Value,2,115.85903083700441,Low
Volvo,C70,227.0,28.0,40450.0,10.60784664405992,-0.5223352598608321,0.1266507844365903,-0.1438427315146992,0.14175398752429835,1,Standard Value,1,178.19383259911893,High
Volvo,S40,227.0,30.0,31150.0,10.346601626429049,-0.5223352598608321,0.44730969933971715,-0.539758970628661,-0.14469872882307122,1,Standard Value,2,137.22466960352423,Low
Volvo,S60,250.0,31.0,39925.0,10.5947830197326,-0.3474687157279323,0.6076391567912806,-0.1636406249243972,-0.05026972900843951,1,Standard Value,1,159.7,Mid
Volvo,S60 Cross Country,240.0,30.0,44200.0,10.69650269224425,-0.42349764795962785,0.44730969933971715,-0.00948468905265549,0.12375653185059754,1,Standard Value,1,184.16666666666666,High
Volvo,S80,240.0,33.0,43700.0,10.685126264117057,-0.42349764795962785,0.9282980716944074,-0.02672564039984071,0.07456855564865705,1,Standard Value,2,182.08333333333334,High
Volvo,S90,283.0,32.5,51700.0,10.853232402669228,-0.09657323936333706,0.8481333429686256,0.22803883607177083,0.007942647152930249,1,Standard Value,1,182.68551236749116,High
Volvo,V50,227.0,30.0,30925.0,10.339352533035376,-0.5223352598608321,0.44730969933971715,-0.5507449554311125,-0.1519478222167443,1,Standard Value,2,136.23348017621146,Low
Volvo,V60,250.0,29.0,41750.0,10.639478682087963,-0.3474687157279323,0.28698024188815374,-0.09590444872888926,0.019633632063422723,1,Standard Value,1,167.0,Mid
Volvo,V60 Cross Country,250.0,28.0,43175.0,10.673040064298478,-0.3474687157279323,0.1266507844365903,-0.04504224915566021,0.06579886363218712,1,Standard Value,1,172.7,Mid
Volvo,V70,235.0,27.0,35775.0,10.48503255651477,-0.4615121140754756,-0.033678673014973105,-0.329967206124938,-0.01911114984910789,1,Standard Value,1,152.2340425531915,Mid
Volvo,XC60,300.0,27.0,43600.0,10.682835364853922,0.03267594543054534,-0.033678673014973105,-0.03019749310223781,-0.17844981797939496,0,High Value,1,145.33333333333334,Mid
Volvo,XC70,240.0,26.0,41250.0,10.627430633893226,-0.42349764795962785,-0.19400813046653653,-0.11416323878422317,0.10509987093257322,1,Standard Value,1,171.875,Mid
Volvo,XC90,250.0,25.0,51250.0,10.844490409005417,-0.3474687157279323,-0.35433758791809994,0.21479036425354592,0.2750607564138754,1,Standard Value,1,205.0,High
